 allway,0000000,Load Test,15000
 allway,09-2830,Load Test,12000
 allway,A17741-2,Load Test,7500
 allway,A23066-1,Load Test,4000
 allway,A23066-2,Load Test,4000
 allway,A23066-3,Load Test,4000
 allway,A23588-1,Load Test,7500
 allway,A23601-1,Load Test,7500
 allway,A23639-1,Load Test,7500
 allway,A23690-1,Load Test,35000
 allway,A23816-1,Load Test,15000
 allway,A23816-2,Load Test,15000
 certex,08-000242,CERTMAN Proof test,100000
 certex,08-000256,Chain Sling Visual,2000
 certex,08-000243,Nylon Sling Visual,200000
 certex,01616,Pull Test,56500
 certex,1140059,Pull Test,7500
 certex,1140172,Pull Test,6000
 certex,1140808,Pull Test,18000
 certex,1141214,Pull Test,7500
 certex,1141241,Pull Test,25500
 certex,1141479,Pull Test,7500
 certex,1141484,Pull Test,32000
 certex,1141567,Pull Test,51500
 certex,1141568,Pull Test,51500
 certex,1141611,Pull Test,18000
 certex,1141915,Pull Test,11500
 certex,1141925,Pull Test,7500
 certex,1141957,Pull Test,7500
 certex,1142099,Pull Test,54000
 certex,1142212,Pull Test,56500
 certex,1142231,Pull Test,15000
 certex,1142535,Pull Test,26500
 certex,1142536,Pull Test,25500
 certex,1142589,Pull Test,28500
 certex,1142596,Pull Test,6000
 certex,1142965,Pull Test,15000
 certex,1143244,Pull Test,35500
 certex,1143261,Pull Test,42500
 certex,5240022,Pull Test,7000
 certex,5240023,Pull Test,7000
 certex,5240025,Pull Test,7000
 certex,5240037,Pull Test,8000
 certex,5240038,Pull Test,8000
 certex,5240046,Pull Test,7000
 certex,5240048,Pull Test,7000
 certex,5240106,Pull Test,17000
 certex,5240107,Pull Test,17000
 certex,5240108,Pull Test,17000
 certex,5240123,Pull Test,7000
 certex,5240124,Pull Test,7000
 certex,5240125,Pull Test,8000
 certex,5240126,Pull Test,8000
 certex,5240516,Pull Test,17000
 certex,5250021,Pull Test,10500
 certex,5250029,Pull Test,7000
 certex,5250033,Pull Test,9500
 certex,5250058,Pull Test,27500
 certex,5250063,Pull Test,22500
 certex,5250145,Pull Test,25000
 certex,5250146,Pull Test,23500
 certex,5250159,Pull Test,12000
 certex,5250160,Pull Test,12000
 certex,5250161,Pull Test,12000
 certex,5250171,Pull Test,10500
 certex,5250172,Pull Test,28000
 certex,5250185,Pull Test,12000
 certex,5250186,Pull Test,9500
 certex,5250192,Pull Test,13500
 certex,5250197,Pull Test,9500
 certex,5250198,Pull Test,7500
 certex,5250201,Pull Test,12000
 hercules,H7121105-2-1,Proof Test,6000000
 hercules,H7121105-1-1,Single Leg Visual,6000000
 iwi,NSA09-000017,Bridge - Long,150000
 jergens,HQ-000010,Pull Test,100000000
 oceaneering,RAM01,Air Winch Service Inspection,12600
 peakworks,1200,Harness Visual Inspection,1500
 peakworks,1201,Harness Visual Inspection,2500
 peakworks,1203,Harness Visual Inspection,1000
 peakworks,1211,Harness Visual Inspection,1500
 unilift,1850,Chain Set Visual,10000
 unilift,1235,Proof Test,7000
 unirope,001,B30.26,5000
 unirope,001N,B30.26,7167
 unirope,002,B30.26,7167
 unirope,002N,B30.26,7167
 unirope,003,B30.26,7167
 unirope,003N,B30.26,7167
 unirope,004,B30.26,5000
 unirope,004N,B30.26,52792
 unirope,005,B30.26,11142
 unirope,005N,B30.26,7167
 unirope,006,B30.26,7167
 unirope,006N,B30.26,7167
 unirope,007,B30.26,7167
 unirope,007N,B30.26,7167
 unirope,008,B30.26,7167
 unirope,008N,B30.26,7167
 unirope,009,B30.26,33950
 unirope,009N,B30.26,7167
 unirope,010,B30.26,5000
 unirope,010N,B30.26,7167
 unirope,011,B30.26,7167
 unirope,011N,B30.26,7167
 unirope,012,B30.26,5000
 unirope,012N,B30.26,7167
 unirope,013,B30.26,12752
 unirope,013N,B30.26,7167
 unirope,014,B30.26,7167
 unirope,014N,B30.26,7167
 unirope,015,B30.26,5000
 unirope,015N,B30.26,12752
 unirope,016,B30.26,7167
 unirope,016N,B30.26,32967
 unirope,017,B30.26,13034
 unirope,018,B30.26,7167
 unirope,018N,B30.26,7167
 unirope,019,B30.26,7167
 unirope,019N,B30.26,7167
 unirope,020,B30.26,7167
 unirope,020N,B30.26,56000
 unirope,021,B30.26,7167
 unirope,021N,B30.26,7167
 unirope,022,B30.26,25045
 unirope,022N,B30.26,56000
 unirope,023,B30.26,7167
 unirope,023N,B30.26,5000
 unirope,024,B30.26,13154
 unirope,024N,B30.26,7167
 unirope,025,B30.26,5000
 unirope,025N,B30.26,5000
 unirope,026,B30.26,13154
 unirope,026N,B30.26,5000
 unirope,027,B30.26,7167
 unirope,028,B30.26,7167
 unirope,028N,B30.26,5000
 unirope,030,B30.26,7167
 unirope,030N,B30.26,5000
 unirope,031,B30.26,7167
 unirope,031N,B30.26,5000
 unirope,032,B30.26,7167
 unirope,032N,B30.26,5000
 unirope,033,B30.26,7167
 unirope,033N,B30.26,5000
 unirope,034,B30.26,7167
 unirope,034N,B30.26,5000
 unirope,035,B30.26,7167
 unirope,035N,B30.26,5000
 unirope,036,B30.26,5000
 unirope,036N,B30.26,5000
 unirope,037,B30.26,5000
 unirope,037N,B30.26,7167
 unirope,038,B30.26,5000
 unirope,038N,B30.26,7167
 unirope,039,B30.26,7167
 unirope,039N,B30.26,7780
 unirope,040,B30.26,7167
 unirope,040N,B30.26,7780
 unirope,041,B30.26,26012
 unirope,041N,B30.26,7780
 unirope,042,B30.26,75000
 unirope,042N,B30.26,7167
 unirope,044,B30.26,7167
 unirope,045,B30.26,7167
 unirope,046,B30.26,7167
 unirope,047N,B30.26,7167
 unirope,048,B30.26,7167
 unirope,049,B30.26,7167
 unirope,049N,B30.26,7167
 unirope,050,B30.26,7167
 unirope,051,B30.26,5000
 unirope,053,B30.26,7167
 unirope,054,B30.26,7167
 unirope,055,B30.26,13154
 unirope,056,B30.26,5000
 unirope,057,B30.26,5000
 unirope,059,B30.26,7167
 unirope,060,B30.26,5000
 unirope,061,B30.26,5000
 unirope,062,B30.26,5000
 unirope,063,B30.26,5000
 unirope,064,B30.26,7167
 unirope,065,B30.26,7167
 unirope,066,B30.26,7167
 unirope,067,B30.26,7167
 unirope,070,B30.26,7167
 unirope,071,B30.26,7167
 unirope,072,B30.26,7167
 unirope,073,B30.26,7167
 unirope,074,B30.26,13114
 unirope,075,B30.26,7167
 unirope,076,B30.26,5000
 unirope,078,B30.26,5000
 unirope,079,B30.26,7167
 unirope,080,B30.26,7167
 unirope,081,B30.26,7167
 unirope,082,B30.26,7167
 unirope,083,B30.26,7167
 unirope,084,B30.26,7167
 unirope,085,B30.26,13114
 unirope,086,B30.26,7167
 unirope,087,B30.26,7167
 unirope,088,B30.26,7167
 unirope,089,B30.26,7167
 unirope,090,B30.26,7167
 unirope,091,B30.26,7167
 unirope,092,B30.26,7167
 unirope,093,B30.26,25045
 unirope,012722,B30.9-1,900
 unirope,012726,B30.9-1,900
 unirope,013592,B30.9-1,3000
 unirope,014546,B30.9-1,3000
 unirope,014547,B30.9-1,3000
 unirope,014549,B30.9-1,3000
 unirope,014611,B30.9-1,3000
 unirope,014612,B30.9-1,3000
 unirope,014614,B30.9-1,3000
 unirope,014615,B30.9-1,3000
 unirope,014616,B30.9-1,3000
 unirope,014618,B30.9-1,3000
 unirope,014619,B30.9-1,3000
 unirope,016871,B30.9-1,900
 unirope,016872,B30.9-1,900
 unirope,016873,B30.9-1,900
 unirope,016875,B30.9-1,900
 unirope,016876,B30.9-1,900
 unirope,016880,B30.9-1,900
 unirope,016892,B30.9-1,900
 unirope,016893,B30.9-1,900
 unirope,016919,B30.9-1,900
 unirope,016939,B30.9-1,900
 unirope,016951,B30.9-1,900
 unirope,016952,B30.9-1,900
 unirope,016953,B30.9-1,900
 unirope,016954,B30.9-1,900
 unirope,016954,B30.9-1,900
 unirope,016955,B30.9-1,900
 unirope,016956,B30.9-1,900
 unirope,016957,B30.9-1,900
 unirope,016958,B30.9-1,900
 unirope,016959,B30.9-1,900
 unirope,016960,B30.9-1,900
 unirope,016961,B30.9-1,900
 unirope,016962,B30.9-1,900
 unirope,016963,B30.9-1,900
 unirope,016964,B30.9-1,900
 unirope,016965,B30.9-1,900
 unirope,016966,B30.9-1,900
 unirope,016967,B30.9-1,900
 unirope,016968,B30.9-1,900
 unirope,016969,B30.9-1,900
 unirope,016970,B30.9-1,900
 unirope,016983,B30.9-1,900
 unirope,016984,B30.9-1,900
 unirope,016989,B30.9-1,900
 unirope,016993,B30.9-1,900
 unirope,016995,B30.9-1,900
 unirope,016997,B30.9-1,900
 unirope,016998,B30.9-1,900
 unirope,017000,B30.9-1,900
 unirope,017324,B30.9-1,1000
 unirope,017326,B30.9-1,1000
 unirope,017326,B30.9-1,1000
 unirope,017328,B30.9-1,1000
 unirope,017330,B30.9-1,1000
 unirope,017331,B30.9-1,1000
 unirope,017332,B30.9-1,1000
 unirope,017333,B30.9-1,1000
 unirope,017335,B30.9-1,1000
 unirope,017340,B30.9-1,1000
 unirope,017361,B30.9-1,1000
 unirope,017363,B30.9-1,1000
 unirope,017364,B30.9-1,1000
 unirope,017365,B30.9-1,1000
 unirope,017366,B30.9-1,1000
 unirope,017367,B30.9-1,1000
 unirope,017368,B30.9-1,1000
 unirope,017382,B30.9-1,1000
 unirope,017385,B30.9-1,1000
 unirope,017386,B30.9-1,1000
 unirope,017388,B30.9-1,1000
 unirope,017389,B30.9-1,1000
 unirope,017390,B30.9-1,1000
 unirope,017391,B30.9-1,1000
 unirope,017394,B30.9-1,1000
 unirope,017395,B30.9-1,1000
 unirope,017396,B30.9-1,1000
 unirope,017397,B30.9-1,1000
 unirope,017398,B30.9-1,1000
 unirope,017400,B30.9-1,1000
 unirope,017401,B30.9-1,1000
 unirope,017402,B30.9-1,1000
 unirope,017404,B30.9-1,1000
 unirope,017406,B30.9-1,1000
 unirope,017407,B30.9-1,1000
 unirope,017408,B30.9-1,1000
 unirope,017411,B30.9-1,1000
 unirope,017412,B30.9-1,1000
 unirope,017413,B30.9-1,1000
 unirope,017414,B30.9-1,1000
 unirope,017415,B30.9-1,1000
 unirope,017417,B30.9-1,1000
 unirope,017418,B30.9-1,1000
 unirope,017419,B30.9-1,1000
 unirope,017420,B30.9-1,1000
 unirope,017431,B30.9-1,1000
 unirope,017432,B30.9-1,1000
 unirope,017433,B30.9-1,1000
 unirope,017434,B30.9-1,1000
 unirope,017435,B30.9-1,1000
 unirope,017436,B30.9-1,1000
 unirope,017440,B30.9-1,1000
 unirope,017451,B30.9-1,1000
 unirope,017452,B30.9-1,1000
 unirope,017453,B30.9-1,1000
 unirope,017454,B30.9-1,1000
 unirope,017455,B30.9-1,1000
 unirope,017456,B30.9-1,1000
 unirope,017457,B30.9-1,1000
 unirope,017458,B30.9-1,1000
 unirope,017461,B30.9-1,1000
 unirope,017462,B30.9-1,1000
 unirope,017467,B30.9-1,1000
 unirope,017469,B30.9-1,1000
 unirope,017608,B30.9-1,13122
 unirope,017614,B30.9-1,8083
 unirope,017615,B30.9-1,14250
 unirope,017616,B30.9-1,14250
 unirope,018013,B30.9-1,10175
 unirope,018014,B30.9-1,3500
 unirope,018015,B30.9-1,3500
 unirope,018018,B30.9-1,8113
 unirope,018019,B30.9-1,10175
 unirope,018112,B30.9-1,8113
 unirope,018115,B30.9-1,8113
 unirope,018148,B30.9-1,8113
 unirope,018191,B30.9-1,3500
 unirope,018195,B30.9-1,3500
 unirope,018514,B30.9-1,12100
 unirope,018637,B30.9-1,12100
 unirope,018655,B30.9-1,12100
 unirope,018750,B30.9-1,12100
 unirope,023752,B30.9-1,16225
 unirope,023759,B30.9-1,34375
 unirope,024011,B30.9-1,13658
 unirope,024014,B30.9-1,27225
 unirope,024015,B30.9-1,12100
 unirope,024017,B30.9-1,11183
 unirope,024019,B30.9-1,11183
 unirope,024022,B30.9-1,11183
 unirope,024023,B30.9-1,11183
 unirope,024024,B30.9-1,12100
 unirope,024032,B30.9-1,12100
 unirope,024033,B30.9-1,19250
 unirope,024035,B30.9-1,8892
 unirope,024037,B30.9-1,12100
 unirope,024038,B30.9-1,11183
 unirope,024040,B30.9-1,50325
 unirope,024054,B30.9-1,11183
 unirope,024060,B30.9-1,18425
 unirope,024062,B30.9-1,12100
 unirope,024064,B30.9-1,8113
 unirope,024065,B30.9-1,12100
 unirope,024069,B30.9-1,11183
 unirope,024071,B30.9-1,12100
 unirope,024072,B30.9-1,11183
 unirope,024077,B30.9-1,12100
 unirope,024080,B30.9-1,12100
 unirope,024081,B30.9-1,12100
 unirope,024083,B30.9-1,13658
 unirope,024084,B30.9-1,8892
 unirope,024086,B30.9-1,16225
 unirope,024088,B30.9-1,18242
 unirope,024090,B30.9-1,12100
 unirope,024092,B30.9-1,11183
 unirope,024096,B30.9-1,16225
 unirope,024098,B30.9-1,11183
 unirope,024100,B30.9-1,16225
 unirope,05151,B30.9-1,8113
 unirope,05151,B30.9-1,7375
 unirope,07M351A-E,B30.9-1,13375
 unirope,07M780-E,B30.9-1,11000
 unirope,07M781-E,B30.9-1,6958
 unirope,07M782-E,B30.9-1,18250
 unirope,10128,B30.9-1,8083
 unirope,101420,B30.9-1,23192
 unirope,10142B,B30.9-1,23192
 unirope,102,B30.9-1,1848
 unirope,1038,B30.9-1,7654
 unirope,1038,B30.9-1,6958
 unirope,1057,B30.9-1,8892
 unirope,11319,B30.9-1,15675
 unirope,11373,B30.9-1,8113
 unirope,1192,B30.9-1,8892
 unirope,1192,B30.9-1,8083
 unirope,1211401,B30.9-1,8083
 unirope,12312,B30.9-1,18250
 unirope,12345,B30.9-1,25000
 unirope,12436,B30.9-1,13375
 unirope,12437,B30.9-1,13375
 unirope,12478,B30.9-1,12417
 unirope,12691,B30.9-1,8892
 unirope,12696,B30.9-1,8113
 unirope,12697,B30.9-1,8113
 unirope,12842,B30.9-1,8113
 unirope,13063A,B30.9-1,12100
 unirope,13063B,B30.9-1,12100
 unirope,13375,B30.9-1,13658
 unirope,13387,B30.9-1,8113
 unirope,13401,B30.9-1,8113
 unirope,13402,B30.9-1,8113
 unirope,13673,B30.9-1,12417
 unirope,13756,B30.9-1,8892
 unirope,13898,B30.9-1,12100
 unirope,13899,B30.9-1,12100
 unirope,13900,B30.9-1,12100
 unirope,13901,B30.9-1,13658
 unirope,14237,B30.9-1,20075
 unirope,14239,B30.9-1,8892
 unirope,14240,B30.9-1,8892
 unirope,14241,B30.9-1,10175
 unirope,14248,B30.9-1,12100
 unirope,14249,B30.9-1,12100
 unirope,14250 b,B30.9-1,8113
 unirope,14250 C,B30.9-1,8113
 unirope,14251,B30.9-1,10175
 unirope,14261,B30.9-1,8113
 unirope,14275,B30.9-1,10175
 unirope,14276,B30.9-1,10175
 unirope,14277,B30.9-1,8892
 unirope,14279,B30.9-1,8892
 unirope,14290,B30.9-1,12417
 unirope,14292,B30.9-1,9250
 unirope,14293,B30.9-1,9250
 unirope,14692,B30.9-1,20075
 unirope,14761,B30.9-1,13658
 unirope,14778,B30.9-1,12100
 unirope,14779,B30.9-1,8892
 unirope,14780,B30.9-1,27225
 unirope,14781,B30.9-1,27225
 unirope,14782,B30.9-1,8892
 unirope,14783,B30.9-1,8892
 unirope,14804,B30.9-1,10175
 unirope,14805,B30.9-1,10175
 unirope,14916,B30.9-1,7375
 unirope,14917,B30.9-1,8083
 unirope,14917,B30.9-1,8892
 unirope,14918,B30.9-1,8892
 unirope,14918,B30.9-1,8083
 unirope,14919,B30.9-1,7375
 unirope,14919,B30.9-1,8113
 unirope,14920,B30.9-1,7375
 unirope,14921,B30.9-1,14250
 unirope,14921,B30.9-1,15675
 unirope,14922,B30.9-1,14250
 unirope,14922,B30.9-1,15675
 unirope,14923,B30.9-1,16750
 unirope,14923,B30.9-1,18425
 unirope,14924,B30.9-1,8892
 unirope,14924,B30.9-1,14250
 unirope,14925,B30.9-1,8892
 unirope,14925,B30.9-1,14250
 unirope,14928,B30.9-1,14250
 unirope,14928,B30.9-1,8892
 unirope,14929,B30.9-1,14250
 unirope,14929,B30.9-1,8892
 unirope,14930,B30.9-1,7375
 unirope,14931,B30.9-1,7375
 unirope,14932,B30.9-1,7375
 unirope,14933,B30.9-1,7375
 unirope,14934,B30.9-1,7375
 unirope,14936,B30.9-1,14250
 unirope,14936,B30.9-1,15675
 unirope,14937,B30.9-1,14250
 unirope,14937,B30.9-1,15675
 unirope,14938,B30.9-1,14250
 unirope,14938,B30.9-1,15675
 unirope,14939,B30.9-1,15675
 unirope,14939,B30.9-1,14250
 unirope,14940,B30.9-1,13658
 unirope,14956,B30.9-1,8113
 unirope,14957,B30.9-1,8113
 unirope,14959,B30.9-1,13658
 unirope,14960,B30.9-1,13658
 unirope,14961,B30.9-1,8113
 unirope,15183,B30.9-1,12100
 unirope,15421,B30.9-1,18250
 unirope,15421,B30.9-1,11000
 unirope,15423,B30.9-1,9250
 unirope,15424,B30.9-1,7375
 unirope,15637,B30.9-1,7375
 unirope,15638,B30.9-1,7375
 unirope,15639,B30.9-1,16583
 unirope,15640,B30.9-1,14750
 unirope,1576,B30.9-1,8892
 unirope,16039,B30.9-1,12100
 unirope,16040,B30.9-1,12100
 unirope,16041,B30.9-1,20075
 unirope,16047,B30.9-1,13658
 unirope,16050,B30.9-1,13658
 unirope,16091,B30.9-1,7375
 unirope,16092,B30.9-1,7375
 unirope,16093,B30.9-1,7375
 unirope,16094,B30.9-1,7375
 unirope,16095,B30.9-1,7375
 unirope,16096,B30.9-1,7375
 unirope,16159,B30.9-1,10175
 unirope,16166,B30.9-1,8892
 unirope,16172,B30.9-1,15675
 unirope,16173,B30.9-1,15675
 unirope,16174,B30.9-1,15675
 unirope,16175,B30.9-1,15675
 unirope,16406,B30.9-1,13658
 unirope,16407,B30.9-1,13658
 unirope,16408,B30.9-1,13658
 unirope,16409,B30.9-1,13658
 unirope,16412,B30.9-1,13658
 unirope,16413,B30.9-1,13658
 unirope,16414,B30.9-1,8892
 unirope,16416,B30.9-1,13658
 unirope,17031,B30.9-1,12100
 unirope,177193,B30.9-1,12100
 unirope,2023,B30.9-1,1180
 unirope,207389721,B30.9-1,6958
 unirope,2154,B30.9-1,8113
 unirope,2156,B30.9-1,8113
 unirope,2158,B30.9-1,8113
 unirope,2201,B30.9-1,18250
 unirope,2203,B30.9-1,11000
 unirope,222,B30.9-1,5000
 unirope,2285,B30.9-1,18250
 unirope,2285,B30.9-1,20075
 unirope,2345,B30.9-1,20000
 unirope,23456,B30.9-1,17500
 unirope,24021,B30.9-1,12100
 unirope,2424,B30.9-1,12100
 unirope,24253001,B30.9-1,8083
 unirope,24253001,B30.9-1,8083
 unirope,2482,B30.9-1,16225
 unirope,2524,B30.9-1,8113
 unirope,3045,B30.9-1,12190
 unirope,3051,B30.9-1,9250
 unirope,3127651,B30.9-1,11000
 unirope,3127652,B30.9-1,11000
 unirope,339659e9-d5ec-4da2-b10d-3e968b1fa282,B30.9-1,1000
 unirope,3437,B30.9-1,14750
 unirope,3437,B30.9-1,14750
 unirope,3438,B30.9-1,14750
 unirope,3438,B30.9-1,14750
 unirope,3439,B30.9-1,12417
 unirope,3439,B30.9-1,18957
 unirope,3568,B30.9-1,30360
 unirope,369-M,B30.9-1,18250
 unirope,3753,B30.9-1,24750
 unirope,377-V,B30.9-1,13375
 unirope,397-E,B30.9-1,13375
 unirope,4314,B30.9-1,21200
 unirope,4531,B30.9-1,11000
 unirope,5361,B30.9-1,10167
 unirope,55503,B30.9-1,8083
 unirope,55504,B30.9-1,8083
 unirope,5907,B30.9-1,8892
 unirope,7250,B30.9-1,11000
 unirope,7250,B30.9-1,12100
 unirope,7377,B30.9-1,23192
 unirope,7377,B30.9-1,21083
 unirope,740,B30.9-1,34375
 unirope,7470,B30.9-1,16225
 unirope,7470,B30.9-1,14750
 unirope,7878,B30.9-1,8113
 unirope,7878,B30.9-1,7375
 unirope,7879,B30.9-1,11000
 unirope,7879,B30.9-1,12100
 unirope,7942,B30.9-1,12100
 unirope,7942,B30.9-1,11000
 unirope,7966,B30.9-1,7375
 unirope,7966,B30.9-1,8113
 unirope,8395,B30.9-1,12417
 unirope,8397,B30.9-1,15675
 unirope,8397,B30.9-1,24750
 unirope,8398,B30.9-1,27225
 unirope,8398,B30.9-1,24750
 unirope,8400,B30.9-1,16225
 unirope,8405,B30.9-1,14713
 unirope,8405,B30.9-1,13375
 unirope,8406,B30.9-1,7375
 unirope,8407,B30.9-1,7375
 unirope,8407,B30.9-1,8113
 unirope,8409,B30.9-1,11183
 unirope,8409,B30.9-1,10167
 unirope,8410,B30.9-1,10167
 unirope,8410,B30.9-1,11183
 unirope,8411,B30.9-1,13338
 unirope,8414,B30.9-1,10167
 unirope,8414,B30.9-1,11183
 unirope,8415,B30.9-1,7375
 unirope,8415,B30.9-1,8113
 unirope,8416,B30.9-1,7375
 unirope,8416,B30.9-1,8113
 unirope,8699,B30.9-1,12100
 unirope,8986,B30.9-1,8083
 unirope,9091,B30.9-1,13375
 unirope,9091A,B30.9-1,13375
 unirope,9241,B30.9-1,8113
 unirope,9241,B30.9-1,7375
 unirope,9242,B30.9-1,12100
 unirope,9242,B30.9-1,11000
 unirope,9243,B30.9-1,11000
 unirope,9243,B30.9-1,12100
 unirope,9244,B30.9-1,7375
 unirope,9244,B30.9-1,8113
 unirope,9245,B30.9-1,8113
 unirope,9245,B30.9-1,7375
 unirope,9348,B30.9-1,10167
 unirope,9349,B30.9-1,8113
 unirope,9349,B30.9-1,7375
 unirope,9459,B30.9-1,13658
 unirope,9459,B30.9-1,12417
 unirope,9785 B,B30.9-1,8892
 unirope,9905,B30.9-1,7375
 unirope,ae01,B30.9-1,8892
 unirope,ae01,B30.9-1,8083
 unirope,ae02,B30.9-1,12100
 unirope,ae03,B30.9-1,12100
 unirope,ae03,B30.9-1,11000
 unirope,ae04,B30.9-1,12100
 unirope,ae04,B30.9-1,11000
 unirope,ae05,B30.9-1,12417
 unirope,ae05,B30.9-1,13658
 unirope,ae06,B30.9-1,13658
 unirope,ae06,B30.9-1,12417
 unirope,ae07,B30.9-1,27225
 unirope,ae07,B30.9-1,24750
 unirope,ae09,B30.9-1,13658
 unirope,ae09,B30.9-1,12417
 unirope,ae10,B30.9-1,11000
 unirope,ae10,B30.9-1,12100
 unirope,ae11,B30.9-1,13658
 unirope,ae11,B30.9-1,12417
 unirope,ae12,B30.9-1,13658
 unirope,ae12,B30.9-1,12417
 unirope,ae13,B30.9-1,12100
 unirope,ae13,B30.9-1,11000
 unirope,ae14,B30.9-1,12100
 unirope,ae14,B30.9-1,11000
 unirope,ae15,B30.9-1,12100
 unirope,ae16,B30.9-1,8892
 unirope,ae16,B30.9-1,8083
 unirope,ae17,B30.9-1,12100
 unirope,ae17,B30.9-1,11000
 unirope,ae18,B30.9-1,11000
 unirope,ae18,B30.9-1,12100
 unirope,BC01,B30.9-1,10167
 unirope,BC02,B30.9-1,10167
 unirope,BC04,B30.9-1,10167
 unirope,BC06,B30.9-1,10167
 unirope,BC07,B30.9-1,10167
 unirope,BC08A,B30.9-1,10167
 unirope,BC08B,B30.9-1,10167
 unirope,BC09,B30.9-1,10167
 unirope,BC 09,B30.9-1,10167
 unirope,BC11,B30.9-1,6958
 unirope,BC12,B30.9-1,6958
 unirope,BC13,B30.9-1,16583
 unirope,BC14,B30.9-1,16583
 unirope,BC15,B30.9-1,11000
 unirope,BC16,B30.9-1,18250
 unirope,BC17,B30.9-1,18250
 unirope,BC18,B30.9-1,12417
 unirope,BC19,B30.9-1,12417
 unirope,BC20,B30.9-1,12417
 unirope,BC21,B30.9-1,21083
 unirope,BC22,B30.9-1,6958
 unirope,BC23,B30.9-1,10167
 unirope,BC24,B30.9-1,16583
 unirope,BM1832,B30.9-1,1078
 unirope,BS03,B30.9-1,13658
 unirope,BS03,B30.9-1,12417
 unirope,BS04,B30.9-1,13658
 unirope,BS04,B30.9-1,12417
 unirope,BS05,B30.9-1,12417
 unirope,BS05,B30.9-1,13658
 unirope,BS05A,B30.9-1,14750
 unirope,BS05A,B30.9-1,16225
 unirope,BS06,B30.9-1,12417
 unirope,BS06,B30.9-1,13658
 unirope,BS07,B30.9-1,13658
 unirope,BS07,B30.9-1,12417
 unirope,BS09,B30.9-1,12417
 unirope,BS09,B30.9-1,13658
 unirope,BS10,B30.9-1,12417
 unirope,BS10,B30.9-1,13658
 unirope,BS11,B30.9-1,13658
 unirope,BS11,B30.9-1,12417
 unirope,bs13,B30.9-1,13658
 unirope,BS14,B30.9-1,13658
 unirope,BS14,B30.9-1,12417
 unirope,BS15,B30.9-1,8083
 unirope,BS16,B30.9-1,7375
 unirope,BS18,B30.9-1,8083
 unirope,BS19,B30.9-1,7375
 unirope,bs20,B30.9-1,13658
 unirope,BS21,B30.9-1,13658
 unirope,BS21,B30.9-1,12417
 unirope,BS22,B30.9-1,7375
 unirope,BS23,B30.9-1,8083
 unirope,BS25,B30.9-1,12417
 unirope,BS25,B30.9-1,13658
 unirope,BS30,B30.9-1,10167
 unirope,BS31,B30.9-1,10167
 unirope,BS32,B30.9-1,6958
 unirope,BS33,B30.9-1,12100
 unirope,BS33,B30.9-1,11000
 unirope,BS34,B30.9-1,8083
 unirope,BS35,B30.9-1,13658
 unirope,BS35,B30.9-1,11000
 unirope,BS36,B30.9-1,12100
 unirope,BS36,B30.9-1,11000
 unirope,BS37,B30.9-1,11000
 unirope,BS37,B30.9-1,12100
 unirope,BS38,B30.9-1,12100
 unirope,BS38,B30.9-1,11000
 unirope,BS39,B30.9-1,7654
 unirope,BS39,B30.9-1,6958
 unirope,BS40,B30.9-1,11000
 unirope,BS40,B30.9-1,12100
 unirope,BS41,B30.9-1,12100
 unirope,BS41,B30.9-1,11000
 unirope,BS42,B30.9-1,13658
 unirope,BS42,B30.9-1,11000
 unirope,BS43,B30.9-1,11183
 unirope,BS43,B30.9-1,11000
 unirope,BS44,B30.9-1,11000
 unirope,BS45,B30.9-1,12100
 unirope,BS45,B30.9-1,11000
 unirope,BS46,B30.9-1,12100
 unirope,BS46,B30.9-1,11000
 unirope,BS47,B30.9-1,11000
 unirope,c410,B30.9-1,23192
 unirope,cac869,B30.9-1,12100
 unirope,CIL1001,B30.9-1,12100
 unirope,CIL991,B30.9-1,7654
 unirope,CIL992,B30.9-1,12100
 unirope,CT01,B30.9-1,24750
 unirope,CT01,B30.9-1,24750
 unirope,CT02,B30.9-1,24750
 unirope,CT03,B30.9-1,20075
 unirope,CT04,B30.9-1,13658
 unirope,CT04,B30.9-1,12417
 unirope,CT05,B30.9-1,13658
 unirope,CT05,B30.9-1,12417
 unirope,CT07,B30.9-1,20030
 unirope,CT07,B30.9-1,12417
 unirope,CT08,B30.9-1,21083
 unirope,CT08,B30.9-1,56815
 unirope,CT09,B30.9-1,14250
 unirope,CT09,B30.9-1,14250
 unirope,CT10,B30.9-1,20030
 unirope,CT10,B30.9-1,12417
 unirope,CT11,B30.9-1,13658
 unirope,CT11,B30.9-1,12417
 unirope,CT12,B30.9-1,14750
 unirope,CT12,B30.9-1,14750
 unirope,CT13,B30.9-1,24750
 unirope,CT13,B30.9-1,14250
 unirope,CT14,B30.9-1,12417
 unirope,CT14,B30.9-1,13658
 unirope,CT15,B30.9-1,25750
 unirope,CT15,B30.9-1,30930
 unirope,CT16,B30.9-1,13658
 unirope,CT16,B30.9-1,12417
 unirope,CT17,B30.9-1,25750
 unirope,CT17,B30.9-1,28325
 unirope,CT18,B30.9-1,15631
 unirope,CT18,B30.9-1,12417
 unirope,CT19,B30.9-1,12417
 unirope,CT19,B30.9-1,13658
 unirope,CT20,B30.9-1,13658
 unirope,CT20,B30.9-1,12417
 unirope,CT24,B30.9-1,21083
 unirope,CT24,B30.9-1,23192
 unirope,CT25,B30.9-1,12417
 unirope,CT25,B30.9-1,23192
 unirope,CT26,B30.9-1,13658
 unirope,CT26,B30.9-1,12417
 unirope,CT26B,B30.9-1,21083
 unirope,CT26B,B30.9-1,23192
 unirope,CT27,B30.9-1,30538
 unirope,CT27,B30.9-1,12417
 unirope,CT28,B30.9-1,12417
 unirope,CT28,B30.9-1,13658
 unirope,CT30,B30.9-1,11000
 unirope,CT30,B30.9-1,12100
 unirope,CT31,B30.9-1,12100
 unirope,CT31,B30.9-1,11000
 unirope,CT32,B30.9-1,30538
 unirope,CT32,B30.9-1,12417
 unirope,CT35,B30.9-1,21083
 unirope,CT35,B30.9-1,23192
 unirope,CT36,B30.9-1,23192
 unirope,CT36,B30.9-1,21083
 unirope,CT37,B30.9-1,23192
 unirope,CT37,B30.9-1,21083
 unirope,CT38,B30.9-1,18250
 unirope,CT39,B30.9-1,22100
 unirope,CT40,B30.9-1,12100
 unirope,CT41,B30.9-1,24750
 unirope,CT41,B30.9-1,24750
 unirope,CT42,B30.9-1,24750
 unirope,CT42,B30.9-1,24750
 unirope,CT43,B30.9-1,12417
 unirope,CT43,B30.9-1,13658
 unirope,CT44,B30.9-1,12417
 unirope,CT44,B30.9-1,13658
 unirope,CT45,B30.9-1,23192
 unirope,CT45,B30.9-1,21083
 unirope,CT46,B30.9-1,12417
 unirope,CT46,B30.9-1,12417
 unirope,CT47,B30.9-1,11000
 unirope,CT48,B30.9-1,11000
 unirope,CT48,B30.9-1,12100
 unirope,CTN01,B30.9-1,21083
 unirope,CTN01,B30.9-1,21083
 unirope,CTN04,B30.9-1,21083
 unirope,CTN04,B30.9-1,73832
 unirope,CTN05,B30.9-1,12417
 unirope,CTN05,B30.9-1,21083
 unirope,CTN06,B30.9-1,12417
 unirope,CTN06,B30.9-1,12417
 unirope,CTN09,B30.9-1,14250
 unirope,CTN09,B30.9-1,24750
 unirope,CTN10,B30.9-1,12417
 unirope,CTN10,B30.9-1,12417
 unirope,CTN13,B30.9-1,12417
 unirope,CTN13,B30.9-1,12417
 unirope,CTN14,B30.9-1,12417
 unirope,CTN14,B30.9-1,12417
 unirope,CTN15,B30.9-1,12417
 unirope,CTN15,B30.9-1,12417
 unirope,D5079-013042,B30.9-1,900
 unirope,dc2-50,B30.9-1,12100
 unirope,DC448,B30.9-1,12417
 unirope,dco266,B30.9-1,12100
 unirope,dco294,B30.9-1,12100
 unirope,e1653,B30.9-1,18242
 unirope,E2033,B30.9-1,5958
 unirope,E2033,B30.9-1,7375
 unirope,E2034,B30.9-1,6958
 unirope,E2034,B30.9-1,6958
 unirope,E2034,B30.9-1,6958
 unirope,E2035,B30.9-1,8167
 unirope,E2036,B30.9-1,7375
 unirope,E2037,B30.9-1,7375
 unirope,E2038,B30.9-1,8167
 unirope,E2039,B30.9-1,8167
 unirope,E2040,B30.9-1,7375
 unirope,E2041,B30.9-1,7375
 unirope,E2048,B30.9-1,7375
 unirope,E2049,B30.9-1,7375
 unirope,E2053,B30.9-1,7375
 unirope,E2054,B30.9-1,6375
 unirope,E2056,B30.9-1,6375
 unirope,E2057,B30.9-1,7375
 unirope,E2059,B30.9-1,7375
 unirope,E2060,B30.9-1,7375
 unirope,E2061,B30.9-1,7375
 unirope,E2062,B30.9-1,5958
 unirope,E2064,B30.9-1,6375
 unirope,E2066,B30.9-1,7375
 unirope,E2067,B30.9-1,6375
 unirope,E2068,B30.9-1,11417
 unirope,E2069,B30.9-1,8250
 unirope,E2070,B30.9-1,7375
 unirope,E2072,B30.9-1,7375
 unirope,E2073,B30.9-1,6375
 unirope,E2073,B30.9-1,6375
 unirope,E2074,B30.9-1,13095
 unirope,E2075,B30.9-1,6375
 unirope,E2077,B30.9-1,7375
 unirope,E2078,B30.9-1,5958
 unirope,E2078,B30.9-1,5958
 unirope,E2078,B30.9-1,5958
 unirope,E2079,B30.9-1,6375
 unirope,E2081,B30.9-1,1000
 unirope,E2082,B30.9-1,1000
 unirope,E2083,B30.9-1,1000
 unirope,E2084,B30.9-1,1000
 unirope,E2085,B30.9-1,1000
 unirope,E2086,B30.9-1,1000
 unirope,E2087,B30.9-1,1000
 unirope,E2088,B30.9-1,1000
 unirope,E2090,B30.9-1,1000
 unirope,E2091,B30.9-1,1000
 unirope,E2092,B30.9-1,1000
 unirope,E2093,B30.9-1,1000
 unirope,E2094,B30.9-1,1000
 unirope,E2095,B30.9-1,1000
 unirope,E2096,B30.9-1,1000
 unirope,E2105,B30.9-1,1000
 unirope,E2106,B30.9-1,1000
 unirope,E2107,B30.9-1,1000
 unirope,E2108,B30.9-1,1000
 unirope,E2109,B30.9-1,1000
 unirope,E2110,B30.9-1,1000
 unirope,E2111,B30.9-1,1000
 unirope,E2122,B30.9-1,1000
 unirope,E2123,B30.9-1,1000
 unirope,E2124,B30.9-1,1000
 unirope,E2125,B30.9-1,1000
 unirope,E2129,B30.9-1,1000
 unirope,E-2130,B30.9-1,1000
 unirope,E2131,B30.9-1,1000
 unirope,E2230,B30.9-1,13908
 unirope,E2231,B30.9-1,25416
 unirope,E4729,B30.9-1,6958
 unirope,ed1007,B30.9-1,12100
 unirope,F 2699,B30.9-1,10167
 unirope,F 2713,B30.9-1,6958
 unirope,F 2715,B30.9-1,16583
 unirope,F 2718,B30.9-1,11000
 unirope,F 3385,B30.9-1,12417
 unirope,F 3386,B30.9-1,12417
 unirope,F 3387,B30.9-1,14750
 unirope,F 3389,B30.9-1,12417
 unirope,F 3397,B30.9-1,21083
 unirope,F 3399,B30.9-1,12417
 unirope,F 3400,B30.9-1,14250
 unirope,F 3401,B30.9-1,12417
 unirope,F 3482,B30.9-1,31250
 unirope,F 3483,B30.9-1,31250
 unirope,F 3484,B30.9-1,17500
 unirope,F 3486,B30.9-1,14750
 unirope,F 3487,B30.9-1,12417
 unirope,F 3488,B30.9-1,14750
 unirope,F 3491,B30.9-1,16583
 unirope,F 3492,B30.9-1,18250
 unirope,F 3493,B30.9-1,10167
 unirope,F 3494,B30.9-1,10167
 unirope,F 3495,B30.9-1,10167
 unirope,F 3496,B30.9-1,14750
 unirope,F 3497,B30.9-1,12125
 unirope,F 3498,B30.9-1,12125
 unirope,F 3499,B30.9-1,14750
 unirope,F 3500,B30.9-1,12417
 unirope,F 3501,B30.9-1,12417
 unirope,F 3502,B30.9-1,10167
 unirope,F 3503,B30.9-1,11000
 unirope,F 3504,B30.9-1,10167
 unirope,F 3504B,B30.9-1,16583
 unirope,F 3505,B30.9-1,10167
 unirope,F 3507,B30.9-1,8083
 unirope,FE1361,B30.9-1,7375
 unirope,FE1456,B30.9-1,11000
 unirope,FE1457,B30.9-1,11000
 unirope,FP0,B30.9-1,13658
 unirope,FP0,B30.9-1,12417
 unirope,FP01,B30.9-1,13658
 unirope,FP01,B30.9-1,12417
 unirope,fp02,B30.9-1,13658
 unirope,FP04,B30.9-1,12417
 unirope,FP04,B30.9-1,13658
 unirope,FP05,B30.9-1,10175
 unirope,FP05,B30.9-1,9250
 unirope,FP06,B30.9-1,9250
 unirope,FP07,B30.9-1,10175
 unirope,FP08,B30.9-1,12417
 unirope,FP10,B30.9-1,12417
 unirope,fp13,B30.9-1,13658
 unirope,fp14,B30.9-1,13658
 unirope,fp15,B30.9-1,15675
 unirope,GAW 01,B30.9-1,12417
 unirope,GAW 02,B30.9-1,12417
 unirope,GAW 04,B30.9-1,21083
 unirope,GAW 06,B30.9-1,12417
 unirope,GAW 07,B30.9-1,9250
 unirope,GAW 09,B30.9-1,14750
 unirope,GAW 10,B30.9-1,14750
 unirope,GAW 11,B30.9-1,20250
 unirope,GAW 12,B30.9-1,12417
 unirope,GAW 13,B30.9-1,16750
 unirope,H7084676-3,B30.9-1,127582
 unirope,HC01,B30.9-1,6958
 unirope,HC02,B30.9-1,6958
 unirope,HC03,B30.9-1,6958
 unirope,HC04,B30.9-1,6958
 unirope,HC05,B30.9-1,6958
 unirope,HC06,B30.9-1,6958
 unirope,HC07,B30.9-1,6958
 unirope,HC08,B30.9-1,6958
 unirope,HC09,B30.9-1,6958
 unirope,HC10,B30.9-1,6958
 unirope,HC11,B30.9-1,6958
 unirope,HC12,B30.9-1,6958
 unirope,HC13,B30.9-1,6958
 unirope,HC14,B30.9-1,6958
 unirope,HC15,B30.9-1,18250
 unirope,HC17,B30.9-1,6958
 unirope,HC18,B30.9-1,6958
 unirope,HC19,B30.9-1,6958
 unirope,HC20,B30.9-1,18250
 unirope,HC21,B30.9-1,6958
 unirope,HC22,B30.9-1,18250
 unirope,HC23,B30.9-1,11000
 unirope,HC24,B30.9-1,11000
 unirope,HG17,B30.9-1,10167
 unirope,HG18,B30.9-1,14250
 unirope,hpu01,B30.9-1,15675
 unirope,hpu01,B30.9-1,14250
 unirope,hpu02,B30.9-1,15675
 unirope,hpu02,B30.9-1,14250
 unirope,hpu03,B30.9-1,15675
 unirope,hpu03,B30.9-1,14250
 unirope,hpu04,B30.9-1,15675
 unirope,hpu04,B30.9-1,14250
 unirope,hpu05,B30.9-1,18425
 unirope,hpu05,B30.9-1,16750
 unirope,HPU06,B30.9-1,8113
 unirope,hpu08,B30.9-1,11000
 unirope,hpu08,B30.9-1,12100
 unirope,hpu09,B30.9-1,8113
 unirope,hpu09,B30.9-1,7375
 unirope,hpu10,B30.9-1,18250
 unirope,hpu11,B30.9-1,12100
 unirope,hpu11,B30.9-1,11000
 unirope,ITT 01,B30.9-1,13658
 unirope,ITT 02,B30.9-1,13658
 unirope,ITT 03,B30.9-1,12100
 unirope,ITT 04,B30.9-1,11183
 unirope,ITT 06,B30.9-1,15675
 unirope,ITT 07,B30.9-1,16225
 unirope,ITT 08,B30.9-1,16225
 unirope,KM 02,B30.9-1,18242
 unirope,KM-03,B30.9-1,12100
 unirope,KM 04,B30.9-1,18242
 unirope,km-05,B30.9-1,23192
 unirope,KM 05,B30.9-1,7654
 unirope,KM 06,B30.9-1,7654
 unirope,KM 07,B30.9-1,7654
 unirope,KM 08,B30.9-1,7654
 unirope,KM-08,B30.9-1,27225
 unirope,KM 09,B30.9-1,7654
 unirope,KM-09,B30.9-1,27225
 unirope,KM 11,B30.9-1,7654
 unirope,KM 12,B30.9-1,7654
 unirope,km-13,B30.9-1,27225
 unirope,km-14,B30.9-1,27225
 unirope,KM 19,B30.9-1,8113
 unirope,KM 20,B30.9-1,8113
 unirope,KM 21,B30.9-1,8113
 unirope,KM 23,B30.9-1,8113
 unirope,KM 24,B30.9-1,8113
 unirope,KM 26,B30.9-1,7654
 unirope,KM 27,B30.9-1,7654
 unirope,KM 28,B30.9-1,7654
 unirope,KM 30,B30.9-1,7654
 unirope,KM 31,B30.9-1,7654
 unirope,KM 32,B30.9-1,7654
 unirope,KM 33,B30.9-1,7654
 unirope,KM 37,B30.9-1,8113
 unirope,KM-50,B30.9-1,8892
 unirope,KM-51,B30.9-1,27225
 unirope,MC-14-V,B30.9-1,11000
 unirope,MC-15-V,B30.9-1,13375
 unirope,MC-17-M,B30.9-1,20250
 unirope,MC-19-M,B30.9-1,12417
 unirope,MC-20-V,B30.9-1,11000
 unirope,MC-28-V,B30.9-1,12417
 unirope,MC-32-M,B30.9-1,13375
 unirope,MC-41-M,B30.9-1,12417
 unirope,MC-46-M,B30.9-1,8083
 unirope,MC-49-M,B30.9-1,8083
 unirope,MC-50-M,B30.9-1,25750
 unirope,NOHS01,B30.9-1,11000
 unirope,NOHS01,B30.9-1,59303
 unirope,NOHS02,B30.9-1,11000
 unirope,NOHS02,B30.9-1,12100
 unirope,NOHS03,B30.9-1,54267
 unirope,NOHS03,B30.9-1,11000
 unirope,NOHS04,B30.9-1,11000
 unirope,NOHS04,B30.9-1,12100
 unirope,NVD 01,B30.9-1,12417
 unirope,NVD 02,B30.9-1,12417
 unirope,NVD 03,B30.9-1,8083
 unirope,NVD 04,B30.9-1,8083
 unirope,NVD 05,B30.9-1,8083
 unirope,NVD 06,B30.9-1,8083
 unirope,NVD 07,B30.9-1,12417
 unirope,NVD 08,B30.9-1,12417
 unirope,SC2085,B30.9-1,12417
 unirope,SC5798,B30.9-1,16225
 unirope,SC5798,B30.9-1,14750
 unirope,SC5873,B30.9-1,11000
 unirope,SC5873,B30.9-1,12100
 unirope,SC6696,B30.9-1,14750
 unirope,SC6696,B30.9-1,16225
 unirope,SW 01,B30.9-1,11000
 unirope,SW 02,B30.9-1,11000
 unirope,SW 03,B30.9-1,11000
 unirope,SW 08,B30.9-1,7375
 unirope,SW 09,B30.9-1,8083
 unirope,SW 13,B30.9-1,12417
 unirope,SW 17,B30.9-1,8083
 unirope,SW 21,B30.9-1,8083
 unirope,SW 26,B30.9-1,12417
 unirope,SW 38,B30.9-1,11000
 unirope,SW 42,B30.9-1,7375
 unirope,TS1 01,B30.9-1,11000
 unirope,TS1 03,B30.9-1,18250
 unirope,TS1 04,B30.9-1,7375
 unirope,TS1 05,B30.9-1,8083
 unirope,TS1 06,B30.9-1,12417
 unirope,TS1 07,B30.9-1,12417
 unirope,TS1 08,B30.9-1,12417
 unirope,TS1 09,B30.9-1,8083
 unirope,TS1 10,B30.9-1,16583
 unirope,TS1 11,B30.9-1,16583
 unirope,TS2 01,B30.9-1,18250
 unirope,TS2 02,B30.9-1,11000
 unirope,TS2 04,B30.9-1,12417
 unirope,TS2 05,B30.9-1,12417
 unirope,TS2 06,B30.9-1,12417
 unirope,TS2 08,B30.9-1,11000
 unirope,TS2 10,B30.9-1,24750
 unirope,TS5 01,B30.9-1,16583
 unirope,TS5 02,B30.9-1,12417
 unirope,TS5 03,B30.9-1,12417
 unirope,TS5 04,B30.9-1,16583
 unirope,TS5 05,B30.9-1,12417
 unirope,TS5 06,B30.9-1,12417
 unirope,TS5 07,B30.9-1,12417
 unirope,TS5 09,B30.9-1,12417
 unirope,TS5 10,B30.9-1,12417
 unirope,TS5 11,B30.9-1,12417
 unirope,TSG 01,B30.9-1,11000
 unirope,TSG 02,B30.9-1,11000
 unirope,TSM 02,B30.9-1,7375
 unirope,TSM 03,B30.9-1,7375
 unirope,TSM 04,B30.9-1,16583
 unirope,TSM 05,B30.9-1,21083
 unirope,ur012001,B30.9-1,4300
 unirope,ur012002,B30.9-1,4300
 unirope,ur012003,B30.9-1,4300
 unirope,ur012004,B30.9-1,4300
 unirope,ur012005,B30.9-1,4300
 unirope,ur012006,B30.9-1,4300
 unirope,ur012007,B30.9-1,4300
 unirope,ur012008,B30.9-1,4300
 unirope,ur012009,B30.9-1,4300
 unirope,ur012010,B30.9-1,4300
 unirope,ur012061,B30.9-1,4300
 unirope,ur012062,B30.9-1,4300
 unirope,ur012063,B30.9-1,4300
 unirope,ur012064,B30.9-1,4300
 unirope,ur012065,B30.9-1,4300
 unirope,ur012066,B30.9-1,4300
 unirope,ur012067,B30.9-1,4300
 unirope,ur012068,B30.9-1,4300
 unirope,ur012069,B30.9-1,4300
 unirope,ur012070,B30.9-1,4300
 unirope,ur012151,B30.9-1,4300
 unirope,ur012152,B30.9-1,4300
 unirope,ur012153,B30.9-1,3000
 unirope,ur012154,B30.9-1,4300
 unirope,ur012158,B30.9-1,4300
 unirope,ur012159,B30.9-1,4300
 unirope,ur012245,B30.9-1,4300
 unirope,ur012285,B30.9-1,4300
 unirope,ur012286,B30.9-1,4300
 unirope,ur012287,B30.9-1,4300
 unirope,ur012288,B30.9-1,4300
 unirope,UR10039,B30.9-1,14250
 unirope,UR10040,B30.9-1,14250
 unirope,UR10082,B30.9-1,21083
 unirope,ur10126,B30.9-1,8083
 unirope,ur10126,B30.9-1,8892
 unirope,ur10127,B30.9-1,8083
 unirope,UR 1069,B30.9-1,11000
 unirope,UR 1100,B30.9-1,11000
 unirope,UR11673,B30.9-1,18250
 unirope,UR12271,B30.9-1,12417
 unirope,UR12271,B30.9-1,13658
 unirope,UR12311,B30.9-1,14750
 unirope,UR12642,B30.9-1,14250
 unirope,UR12643,B30.9-1,14250
 unirope,UR12644,B30.9-1,14250
 unirope,UR12645,B30.9-1,14250
 unirope,UR12757,B30.9-1,14750
 unirope,UR12758,B30.9-1,14750
 unirope,UR 12759,B30.9-1,7375
 unirope,UR12778,B30.9-1,7448
 unirope,UR12783,B30.9-1,12417
 unirope,UR12784,B30.9-1,18250
 unirope,UR12785,B30.9-1,11000
 unirope,UR12786,B30.9-1,18250
 unirope,UR12802,B30.9-1,13658
 unirope,UR12802,B30.9-1,12417
 unirope,UR 12827,B30.9-1,8113
 unirope,UR12833-E,B30.9-1,6958
 unirope,UR12834-E,B30.9-1,6958
 unirope,UR 12845,B30.9-1,24750
 unirope,UR 12846,B30.9-1,24750
 unirope,UR12890,B30.9-1,16583
 unirope,UR 12919,B30.9-1,9250
 unirope,UR 12920,B30.9-1,9250
 unirope,UR 12921,B30.9-1,9250
 unirope,UR 12922,B30.9-1,9250
 unirope,UR 13072,B30.9-1,10167
 unirope,UR 13102,B30.9-1,11000
 unirope,UR 13105,B30.9-1,11000
 unirope,UR 13217,B30.9-1,8113
 unirope,UR 13225,B30.9-1,12417
 unirope,UR 13228,B30.9-1,12417
 unirope,UR13576,B30.9-1,7654
 unirope,UR 13668,B30.9-1,13375
 unirope,UR 13669,B30.9-1,12417
 unirope,UR 13670,B30.9-1,12417
 unirope,UR 13671,B30.9-1,14750
 unirope,UR 13672,B30.9-1,14750
 unirope,UR13748,B30.9-1,16583
 unirope,UR14038,B30.9-1,12417
 unirope,UR14038,B30.9-1,13658
 unirope,UR14039,B30.9-1,12417
 unirope,UR14039,B30.9-1,13658
 unirope,UR14040,B30.9-1,13658
 unirope,UR14040,B30.9-1,12417
 unirope,UR14041,B30.9-1,12417
 unirope,UR14041,B30.9-1,13658
 unirope,UR14042,B30.9-1,12417
 unirope,UR14043,B30.9-1,13658
 unirope,UR14043,B30.9-1,12417
 unirope,UR14044,B30.9-1,12417
 unirope,UR14044,B30.9-1,13658
 unirope,UR14045,B30.9-1,12417
 unirope,UR14046,B30.9-1,13658
 unirope,UR14047,B30.9-1,13658
 unirope,UR14047,B30.9-1,12417
 unirope,UR14073,B30.9-1,20250
 unirope,UR14074,B30.9-1,20250
 unirope,UR 142,B30.9-1,18242
 unirope,UR14206,B30.9-1,14750
 unirope,UR 14281,B30.9-1,12417
 unirope,UR 14285,B30.9-1,7375
 unirope,UR 14286,B30.9-1,7375
 unirope,UR 14287,B30.9-1,12417
 unirope,UR 14288,B30.9-1,9250
 unirope,UR 14291,B30.9-1,9250
 unirope,UR 14365,B30.9-1,11000
 unirope,UR 14381,B30.9-1,6958
 unirope,UR 14454,B30.9-1,8892
 unirope,UR 14455,B30.9-1,8892
 unirope,UR14472,B30.9-1,11000
 unirope,UR14473,B30.9-1,11000
 unirope,UR 14508,B30.9-1,7375
 unirope,UR 14573,B30.9-1,14750
 unirope,UR14663,B30.9-1,11000
 unirope,UR14664,B30.9-1,11000
 unirope,UR14674,B30.9-1,14750
 unirope,UR14674,B30.9-1,14750
 unirope,UR14675,B30.9-1,14750
 unirope,UR14675,B30.9-1,14750
 unirope,UR 14680,B30.9-1,64625
 unirope,ur14722,B30.9-1,8892
 unirope,ur14762,B30.9-1,23192
 unirope,UR 14786,B30.9-1,11000
 unirope,UR 14810,B30.9-1,20075
 unirope,UR 14811,B30.9-1,20075
 unirope,UR 14812,B30.9-1,8892
 unirope,UR 14813,B30.9-1,8892
 unirope,UR 14908,B30.9-1,7375
 unirope,UR 14909,B30.9-1,7375
 unirope,ur14984,B30.9-1,23192
 unirope,UR 14985,B30.9-1,11000
 unirope,UR 14987,B30.9-1,11000
 unirope,UR15216,B30.9-1,8113
 unirope,UR15217,B30.9-1,8113
 unirope,UR15219,B30.9-1,8113
 unirope,UR 15220,B30.9-1,11000
 unirope,UR 15222,B30.9-1,11000
 unirope,UR 15226,B30.9-1,11000
 unirope,UR15229,B30.9-1,7375
 unirope,UR15231,B30.9-1,8113
 unirope,UR15232,B30.9-1,8113
 unirope,UR15233,B30.9-1,8113
 unirope,UR 15347,B30.9-1,82489
 unirope,UR 15347,B30.9-1,19069
 unirope,UR15503,B30.9-1,12417
 unirope,UR15503,B30.9-1,8083
 unirope,UR 15510,B30.9-1,11000
 unirope,UR 15512,B30.9-1,11000
 unirope,UR 15513,B30.9-1,11000
 unirope,UR15516,B30.9-1,11000
 unirope,UR15517,B30.9-1,14250
 unirope,UR15518,B30.9-1,14250
 unirope,UR15557,B30.9-1,21083
 unirope,UR15558-M,B30.9-1,18250
 unirope,UR15559-V,B30.9-1,7375
 unirope,UR15560-V,B30.9-1,9250
 unirope,UR15561-V,B30.9-1,9250
 unirope,UR15562-V,B30.9-1,21083
 unirope,UR 15778,B30.9-1,11000
 unirope,UR 15781,B30.9-1,11000
 unirope,UR 15782,B30.9-1,11000
 unirope,UR 15784,B30.9-1,11000
 unirope,UR 16097,B30.9-1,7375
 unirope,UR 16098,B30.9-1,7375
 unirope,UR 16099,B30.9-1,7375
 unirope,UR 16100,B30.9-1,7375
 unirope,UR 16101,B30.9-1,7375
 unirope,UR 16102,B30.9-1,7375
 unirope,UR 16103,B30.9-1,7375
 unirope,UR 16104,B30.9-1,8083
 unirope,UR 16105,B30.9-1,7375
 unirope,UR 1663,B30.9-1,11000
 unirope,UR 1665,B30.9-1,11000
 unirope,UR 1665,B30.9-1,11000
 unirope,UR 1709,B30.9-1,11000
 unirope,UR 1821,B30.9-1,7375
 unirope,UR 2198,B30.9-1,11000
 unirope,ur2272,B30.9-1,16225
 unirope,ur2273,B30.9-1,16225
 unirope,UR 236,B30.9-1,11000
 unirope,UR 2498,B30.9-1,11000
 unirope,UR 2500,B30.9-1,7375
 unirope,UR 2501,B30.9-1,7375
 unirope,UR 2634,B30.9-1,12100
 unirope,ur3632,B30.9-1,21083
 unirope,UR 3657,B30.9-1,9250
 unirope,UR367-M,B30.9-1,18250
 unirope,UR3773,B30.9-1,8892
 unirope,UR3871,B30.9-1,23192
 unirope,UR 4148,B30.9-1,7375
 unirope,UR 4253,B30.9-1,16750
 unirope,UR 4254,B30.9-1,16750
 unirope,UR 4296,B30.9-1,11000
 unirope,UR 4304,B30.9-1,16750
 unirope,UR4484-013048,B30.9-1,900
 unirope,UR 5086,B30.9-1,11000
 unirope,UR 5094,B30.9-1,7375
 unirope,UR 5095,B30.9-1,7375
 unirope,UR 521,B30.9-1,16583
 unirope,UR522,B30.9-1,16583
 unirope,UR523,B30.9-1,10167
 unirope,UR 531,B30.9-1,7375
 unirope,UR5851,B30.9-1,13658
 unirope,UR5851,B30.9-1,12417
 unirope,UR 6025,B30.9-1,7375
 unirope,UR 6279,B30.9-1,11000
 unirope,UR 6293,B30.9-1,7375
 unirope,UR 6294,B30.9-1,7375
 unirope,UR 6295,B30.9-1,7375
 unirope,UR 6296,B30.9-1,7375
 unirope,UR635,B30.9-1,11183
 unirope,UR 6393,B30.9-1,11000
 unirope,UR 6632,B30.9-1,16750
 unirope,UR 6633,B30.9-1,16750
 unirope,UR 6680,B30.9-1,10167
 unirope,UR6681,B30.9-1,10167
 unirope,UR680,B30.9-1,8113
 unirope,UR 6963,B30.9-1,8083
 unirope,UR 7033,B30.9-1,11000
 unirope,UR 7034,B30.9-1,11000
 unirope,UR 7173,B30.9-1,11000
 unirope,UR 7571,B30.9-1,20250
 unirope,UR 7734,B30.9-1,21083
 unirope,UR7870,B30.9-1,12100
 unirope,UR 8145,B30.9-1,11000
 unirope,UR 8169,B30.9-1,8892
 unirope,UR8209,B30.9-1,18250
 unirope,UR 8348,B30.9-1,8113
 unirope,UR 8395,B30.9-1,11000
 unirope,UR 8658,B30.9-1,9250
 unirope,UR8667,B30.9-1,7375
 unirope,UR8667,B30.9-1,8113
 unirope,UR 870,B30.9-1,18250
 unirope,UR8778,B30.9-1,7375
 unirope,UR 8957,B30.9-1,11000
 unirope,UR9085,B30.9-1,8113
 unirope,UR 910,B30.9-1,7375
 unirope,UR 911,B30.9-1,7375
 unirope,UR9203,B30.9-1,8113
 unirope,UR9328,B30.9-1,8083
 unirope,UR9329,B30.9-1,8083
 unirope,UR9330,B30.9-1,8083
 unirope,UR9331,B30.9-1,8083
 unirope,ur9413,B30.9-1,12100
 unirope,ur9415,B30.9-1,12100
 unirope,UR 9540,B30.9-1,7654
 unirope,UR 9545,B30.9-1,8113
 unirope,UR 9951,B30.9-1,8113
 unirope,UR 997,B30.9-1,7375
 unirope,UR 998,B30.9-1,7375
 unirope,urtest,B30.9-1,10000
 unirope,VC 01,B30.9-1,10167
 unirope,VC 02,B30.9-1,11000
 unirope,VC 03,B30.9-1,10167
 unirope,VC 04,B30.9-1,6958
 unirope,VC 05,B30.9-1,11000
 unirope,VC 06,B30.9-1,11000
 unirope,VC 07,B30.9-1,11000
 unirope,VC 09,B30.9-1,10167
 unirope,VC 10,B30.9-1,10167
 unirope,VC 12,B30.9-1,10167
 unirope,VC 13,B30.9-1,10167
 unirope,VC 15,B30.9-1,10167
 unirope,VC 16,B30.9-1,10167
 unirope,VC 17,B30.9-1,10167
 unirope,VC 18,B30.9-1,10167
 unirope,VC 19,B30.9-1,10167
 unirope,VC 21,B30.9-1,11000
 unirope,VC 22,B30.9-1,10167
 unirope,VC 23,B30.9-1,10167
 unirope,VC 24,B30.9-1,10167
 unirope,VC 25,B30.9-1,10167
 unirope,VC 26,B30.9-1,11000
 unirope,VC 27,B30.9-1,10167
 unirope,VC 28,B30.9-1,10167
 unirope,VC 29,B30.9-1,6958
 unirope,VC 30,B30.9-1,6958
 unirope,VC 32,B30.9-1,10167
 unirope,VC 33,B30.9-1,11000
 unirope,VC 34,B30.9-1,11000
 unirope,VC 35,B30.9-1,6958
 unirope,VC 36,B30.9-1,12125
 unirope,VC 37,B30.9-1,11000
 unirope,W744895,B30.9-1,8892
 unirope,WFS 667,B30.9-1,8083
 unirope,WFS 668,B30.9-1,8083
 unirope,wi09,B30.9-1,12100
 unirope,WTM 01,B30.9-1,12417
 unirope,WTM 02,B30.9-1,12417
 unirope,WTM 03,B30.9-1,12417
 unirope,WTM 04,B30.9-1,12417
 unirope,WTM 05,B30.9-1,10167
 unirope,WTM 06,B30.9-1,24750
 unirope,WTM 07,B30.9-1,24750
 unirope,WTM 08,B30.9-1,8083
 unirope,WTM 09,B30.9-1,14750
 unirope,WTM 10,B30.9-1,9250
 unirope,WTM 11,B30.9-1,9250
 unirope,WTM 12,B30.9-1,9250
 unirope,WTM 13,B30.9-1,9250
 unirope,WTM 14,B30.9-1,31250
 unirope,WTM 15,B30.9-1,31250
 unirope,WTM 17,B30.9-1,14750
 unirope,WTM 18,B30.9-1,14750
 unirope,WTM 20,B30.9-1,8083
 unirope,WTM 21,B30.9-1,8083
 unirope,WTM 22,B30.9-1,12417
 unirope,WTM 23,B30.9-1,12417
 unirope,WTM 24,B30.9-1,14750
 unirope,WTM 25,B30.9-1,14750
 unirope,WTM 26,B30.9-1,12417
 unirope,WTM 27,B30.9-1,12417
 unirope,WTM 28,B30.9-1,12417
 unirope,WTM 29,B30.9-1,12417
 unirope,WTM 30,B30.9-1,12417
 unirope,WTM 31,B30.9-1,12417
 unirope,WTM 32,B30.9-1,8083
 unirope,WTM 33,B30.9-1,12417
 unirope,WTM 34,B30.9-1,12417
 unirope,WTM 35,B30.9-1,12417
 unirope,WTM 36,B30.9-1,12417
 unirope,WTM 37,B30.9-1,12417
 unirope,WTM 38,B30.9-1,12417
 unirope,WTM 39,B30.9-1,12417
 unirope,WTM 40,B30.9-1,12417
 unirope,WTM 41,B30.9-1,12417
 unirope,WTM 42,B30.9-1,12417
 unirope,WTM 43,B30.9-1,12417
 unirope,WTM 44,B30.9-1,12417
 unirope,WTM 45,B30.9-1,10167
 unirope,WTM 47,B30.9-1,10167
 unirope,WTM 48,B30.9-1,10167
 unirope,WTM 49,B30.9-1,10167
 unirope,WTM 50,B30.9-1,10167
 unirope,WTM 51,B30.9-1,10167
 unirope,WTM 52,B30.9-1,10167
 unirope,WTM 53,B30.9-1,10167
 unirope,WTM 54,B30.9-1,9250
 unirope,WTM 55,B30.9-1,9250
 unirope,WTM 56,B30.9-1,8083
 unirope,WTM 57,B30.9-1,8083
 unirope,WTM 58,B30.9-1,8083
 unirope,WTM 59,B30.9-1,8083
 unirope,WTM 60,B30.9-1,10167
 unirope,WTM 61,B30.9-1,14750
 unirope,WTM 62,B30.9-1,14750
 unirope,WTM 63,B30.9-1,12417
 unirope,WTM 64,B30.9-1,12417
 unirope,012701,B30.9-2,3000
 unirope,012702,B30.9-2,3000
 unirope,012703,B30.9-2,3000
 unirope,012704,B30.9-2,3000
 unirope,012705,B30.9-2,3000
 unirope,012706,B30.9-2,3000
 unirope,012707,B30.9-2,3000
 unirope,012708,B30.9-2,3000
 unirope,012709,B30.9-2,3000
 unirope,012710,B30.9-2,3000
 unirope,012711,B30.9-2,3000
 unirope,012712,B30.9-2,3000
 unirope,012713,B30.9-2,3000
 unirope,012714,B30.9-2,3000
 unirope,012715,B30.9-2,3000
 unirope,012716,B30.9-2,3000
 unirope,012717,B30.9-2,3000
 unirope,012718,B30.9-2,3000
 unirope,012719,B30.9-2,3000
 unirope,012720,B30.9-2,3000
 unirope,012721,B30.9-2,3000
 unirope,012723,B30.9-2,3000
 unirope,012724,B30.9-2,3000
 unirope,012725,B30.9-2,3000
 unirope,012727,B30.9-2,3000
 unirope,012728,B30.9-2,3000
 unirope,012729,B30.9-2,3000
 unirope,012730,B30.9-2,3000
 unirope,012731,B30.9-2,3000
 unirope,012732,B30.9-2,3000
 unirope,012733,B30.9-2,3000
 unirope,012734,B30.9-2,3000
 unirope,012735,B30.9-2,3000
 unirope,012736,B30.9-2,3000
 unirope,012738,B30.9-2,3000
 unirope,012739,B30.9-2,3000
 unirope,012740,B30.9-2,3000
 unirope,012741,B30.9-2,3000
 unirope,012742,B30.9-2,3000
 unirope,012743,B30.9-2,3000
 unirope,012744,B30.9-2,3000
 unirope,012745,B30.9-2,3000
 unirope,012748,B30.9-2,3000
 unirope,012749,B30.9-2,3000
 unirope,012750,B30.9-2,3000
 unirope,012751,B30.9-2,3000
 unirope,012752,B30.9-2,3000
 unirope,012753,B30.9-2,3000
 unirope,012754,B30.9-2,3000
 unirope,012755,B30.9-2,3000
 unirope,012756,B30.9-2,3000
 unirope,012757,B30.9-2,3000
 unirope,012758,B30.9-2,3000
 unirope,012759,B30.9-2,3000
 unirope,012760,B30.9-2,3000
 unirope,012761,B30.9-2,3000
 unirope,012762,B30.9-2,3000
 unirope,012763,B30.9-2,3000
 unirope,012764,B30.9-2,3000
 unirope,012765,B30.9-2,3000
 unirope,012766,B30.9-2,3000
 unirope,012767,B30.9-2,3000
 unirope,012768,B30.9-2,3000
 unirope,012770,B30.9-2,3000
 unirope,012771,B30.9-2,3000
 unirope,012772,B30.9-2,3000
 unirope,012773,B30.9-2,3000
 unirope,012774,B30.9-2,3000
 unirope,012777,B30.9-2,3000
 unirope,012778,B30.9-2,3000
 unirope,012779,B30.9-2,3000
 unirope,012875,B30.9-2,3000
 unirope,012876,B30.9-2,3000
 unirope,012910,B30.9-2,3000
 unirope,012933,B30.9-2,3000
 unirope,012934,B30.9-2,3000
 unirope,012935,B30.9-2,3000
 unirope,012937,B30.9-2,3000
 unirope,012977,B30.9-2,3000
 unirope,013031,B30.9-2,900
 unirope,013032,B30.9-2,900
 unirope,013034,B30.9-2,900
 unirope,013035,B30.9-2,900
 unirope,013036,B30.9-2,900
 unirope,013037,B30.9-2,900
 unirope,013039,B30.9-2,900
 unirope,013040,B30.9-2,900
 unirope,013041,B30.9-2,900
 unirope,013043,B30.9-2,900
 unirope,013044,B30.9-2,900
 unirope,013047,B30.9-2,900
 unirope,013049,B30.9-2,900
 unirope,013061,B30.9-2,3000
 unirope,013065,B30.9-2,3000
 unirope,013068,B30.9-2,3000
 unirope,013069,B30.9-2,3000
 unirope,013070,B30.9-2,3000
 unirope,013073,B30.9-2,3000
 unirope,013079,B30.9-2,3000
 unirope,013503,B30.9-2,3000
 unirope,013504,B30.9-2,3000
 unirope,013505,B30.9-2,3000
 unirope,013585,B30.9-2,3000
 unirope,013586,B30.9-2,3000
 unirope,013588,B30.9-2,3000
 unirope,013590,B30.9-2,3000
 unirope,014512,B30.9-2,3000
 unirope,016062,B30.9-2,3000
 unirope,016149,B30.9-2,3000
 unirope,016771,B30.9-2,3000
 unirope,016773,B30.9-2,3000
 unirope,016776,B30.9-2,3000
 unirope,016778,B30.9-2,3000
 unirope,016779,B30.9-2,3000
 unirope,016780,B30.9-2,3000
 unirope,016781,B30.9-2,3000
 unirope,016782,B30.9-2,3000
 unirope,016783,B30.9-2,3000
 unirope,016784,B30.9-2,3000
 unirope,016785,B30.9-2,3000
 unirope,016786,B30.9-2,3000
 unirope,016787,B30.9-2,3000
 unirope,016788,B30.9-2,3000
 unirope,016789,B30.9-2,3000
 unirope,016791,B30.9-2,3000
 unirope,016793,B30.9-2,3000
 unirope,016794,B30.9-2,3000
 unirope,016795,B30.9-2,3000
 unirope,016796,B30.9-2,3000
 unirope,016797,B30.9-2,3000
 unirope,016798,B30.9-2,3000
 unirope,016799,B30.9-2,3000
 unirope,016800,B30.9-2,3000
 unirope,016801,B30.9-2,3000
 unirope,016802,B30.9-2,3000
 unirope,016803,B30.9-2,3000
 unirope,016804,B30.9-2,3000
 unirope,016805,B30.9-2,3000
 unirope,016806,B30.9-2,3000
 unirope,016807,B30.9-2,3000
 unirope,016809,B30.9-2,3000
 unirope,016810,B30.9-2,3000
 unirope,016831,B30.9-2,3000
 unirope,016833,B30.9-2,3000
 unirope,016834,B30.9-2,3000
 unirope,016835,B30.9-2,3000
 unirope,016836,B30.9-2,3000
 unirope,016837,B30.9-2,3000
 unirope,016838,B30.9-2,3000
 unirope,016839,B30.9-2,3000
 unirope,016840,B30.9-2,3000
 unirope,016841,B30.9-2,3000
 unirope,016842,B30.9-2,3000
 unirope,016843,B30.9-2,3000
 unirope,016844,B30.9-2,3000
 unirope,016845,B30.9-2,3000
 unirope,016848,B30.9-2,3000
 unirope,016849,B30.9-2,3000
 unirope,016850,B30.9-2,3000
 unirope,016871,B30.9-2,3000
 unirope,016874,B30.9-2,3000
 unirope,016877,B30.9-2,3000
 unirope,016878,B30.9-2,3000
 unirope,016879,B30.9-2,3000
 unirope,016881,B30.9-2,3000
 unirope,016882,B30.9-2,3000
 unirope,016883,B30.9-2,3000
 unirope,016884,B30.9-2,3000
 unirope,016885,B30.9-2,3000
 unirope,016886,B30.9-2,3000
 unirope,016887,B30.9-2,3000
 unirope,016888,B30.9-2,3000
 unirope,016889,B30.9-2,3000
 unirope,016890,B30.9-2,3000
 unirope,016898,B30.9-2,3000
 unirope,016899,B30.9-2,3000
 unirope,016902,B30.9-2,3000
 unirope,016906,B30.9-2,3000
 unirope,016908,B30.9-2,3000
 unirope,016909,B30.9-2,3000
 unirope,016910,B30.9-2,3000
 unirope,016911,B30.9-2,1800
 unirope,016912,B30.9-2,3000
 unirope,016913,B30.9-2,3000
 unirope,016914,B30.9-2,3000
 unirope,016915,B30.9-2,1800
 unirope,016916,B30.9-2,3000
 unirope,016917,B30.9-2,3000
 unirope,016918,B30.9-2,3000
 unirope,016920,B30.9-2,3000
 unirope,016921,B30.9-2,3000
 unirope,016922,B30.9-2,3000
 unirope,016923,B30.9-2,3000
 unirope,016923,B30.9-2,3000
 unirope,016924,B30.9-2,3000
 unirope,016925,B30.9-2,3000
 unirope,016925,B30.9-2,3000
 unirope,016926,B30.9-2,3000
 unirope,016926,B30.9-2,3000
 unirope,016927,B30.9-2,3000
 unirope,016927,B30.9-2,3000
 unirope,016928,B30.9-2,3000
 unirope,016929,B30.9-2,3000
 unirope,016930,B30.9-2,3000
 unirope,016931,B30.9-2,3000
 unirope,016933,B30.9-2,3000
 unirope,016934,B30.9-2,3000
 unirope,016935,B30.9-2,3000
 unirope,016936,B30.9-2,3000
 unirope,016937,B30.9-2,3000
 unirope,016937,B30.9-2,3000
 unirope,016938,B30.9-2,3000
 unirope,016940,B30.9-2,3000
 unirope,016971,B30.9-2,3000
 unirope,016972,B30.9-2,3000
 unirope,016973,B30.9-2,3000
 unirope,016974,B30.9-2,3000
 unirope,016975,B30.9-2,3000
 unirope,016976,B30.9-2,3000
 unirope,016978,B30.9-2,3000
 unirope,016978,B30.9-2,3000
 unirope,016979,B30.9-2,3000
 unirope,016980,B30.9-2,3000
 unirope,016980,B30.9-2,3000
 unirope,016982,B30.9-2,3000
 unirope,016985,B30.9-2,3000
 unirope,016985,B30.9-2,3000
 unirope,016986,B30.9-2,3000
 unirope,016986,B30.9-2,3000
 unirope,016987,B30.9-2,3000
 unirope,016987,B30.9-2,3000
 unirope,016988,B30.9-2,3000
 unirope,016990,B30.9-2,3000
 unirope,016990,B30.9-2,3000
 unirope,016991,B30.9-2,3000
 unirope,016992,B30.9-2,3000
 unirope,016994,B30.9-2,3000
 unirope,016996,B30.9-2,3000
 unirope,016999,B30.9-2,3000
 unirope,020607,B30.9-2,22914
 unirope,020689,B30.9-2,16040
 unirope,62048,B30.9-2,3000
 unirope,63831,B30.9-2,3000
 unirope,F 3390,B30.9-2,3000
 unirope,F 3391,B30.9-2,3000
 unirope,F 3392,B30.9-2,3000
 unirope,F 3393,B30.9-2,3000
 unirope,F 3394,B30.9-2,3000
 unirope,F 3395,B30.9-2,3000
 unirope,F 3396,B30.9-2,3000
 unirope,F 3398,B30.9-2,3000
 unirope,F 3457,B30.9-2,3000
 unirope,F 3458,B30.9-2,3000
 unirope,F 3474,B30.9-2,3000
 unirope,F 3489,B30.9-2,3000
 unirope,012791,B30.9-5,900
 unirope,012792,B30.9-5,900
 unirope,012799,B30.9-5,900
 unirope,012800,B30.9-5,900
 unirope,013506-N081,B30.9-5,3000
 unirope,013507-J237,B30.9-5,3000
 unirope,013508-N079,B30.9-5,3000
 unirope,013509-V023,B30.9-5,3000
 unirope,013511,B30.9-5,3000
 unirope,013512,B30.9-5,3000
 unirope,013513,B30.9-5,3000
 unirope,013514-V101,B30.9-5,3000
 unirope,013515-V149,B30.9-5,3000
 unirope,013516,B30.9-5,3000
 unirope,013517,B30.9-5,3000
 unirope,013518-M301,B30.9-5,3000
 unirope,013519-V152,B30.9-5,3000
 unirope,013520-J131,B30.9-5,3000
 unirope,013521-GE062,B30.9-5,3000
 unirope,013522-M302,B30.9-5,3000
 unirope,013523-V079,B30.9-5,3000
 unirope,013524-V088,B30.9-5,3000
 unirope,013525-R024,B30.9-5,3000
 unirope,013526-V153,B30.9-5,3000
 unirope,013527-J192,B30.9-5,3000
 unirope,013528-J107,B30.9-5,3000
 unirope,013529,B30.9-5,3000
 unirope,013530-M300,B30.9-5,3000
 unirope,013531-V154,B30.9-5,3000
 unirope,013532,B30.9-5,3000
 unirope,013533,B30.9-5,3000
 unirope,013534-R082,B30.9-5,3000
 unirope,013535-J104,B30.9-5,3000
 unirope,013536-N057,B30.9-5,3000
 unirope,013537-J119,B30.9-5,3000
 unirope,013538-V055,B30.9-5,3000
 unirope,013539-J136,B30.9-5,3000
 unirope,013540-J182,B30.9-5,3000
 unirope,013541-J73,B30.9-5,3000
 unirope,013542-J71,B30.9-5,3000
 unirope,013543-J49,B30.9-5,3000
 unirope,013544-J047,B30.9-5,3000
 unirope,013545-J46,B30.9-5,3000
 unirope,013546-J126,B30.9-5,3000
 unirope,013547-J067,B30.9-5,3000
 unirope,013548-V059,B30.9-5,3000
 unirope,013549-R003,B30.9-5,3000
 unirope,013550-V110,B30.9-5,3000
 unirope,013551-J209,B30.9-5,3000
 unirope,013552-R013,B30.9-5,3000
 unirope,013553-J064,B30.9-5,3000
 unirope,013554-J199,B30.9-5,3000
 unirope,013555-J057,B30.9-5,3000
 unirope,013556-J103,B30.9-5,3000
 unirope,013557-J208,B30.9-5,3000
 unirope,013558,B30.9-5,3000
 unirope,013559-J104,B30.9-5,3000
 unirope,013560-V114,B30.9-5,3000
 unirope,013561-V112,B30.9-5,3000
 unirope,013562-J301,B30.9-5,3000
 unirope,013563-J207,B30.9-5,3000
 unirope,013564-J206,B30.9-5,3000
 unirope,013565,B30.9-5,3000
 unirope,013566-J199,B30.9-5,3000
 unirope,013567-J141,B30.9-5,3000
 unirope,013568-J138,B30.9-5,3000
 unirope,013569,B30.9-5,3000
 unirope,013570-J084,B30.9-5,3000
 unirope,013571,B30.9-5,3000
 unirope,013572,B30.9-5,3000
 unirope,013573-V124,B30.9-5,3000
 unirope,013574-J088,B30.9-5,3000
 unirope,013575-N061,B30.9-5,3000
 unirope,013576-J060,B30.9-5,3000
 unirope,013577-J301,B30.9-5,3000
 unirope,013578-J302,B30.9-5,3000
 unirope,013579-N055,B30.9-5,3000
 unirope,013580-J203,B30.9-5,3000
 unirope,013581-J102,B30.9-5,3000
 unirope,013582-J115,B30.9-5,3000
 unirope,013583-GE037,B30.9-5,3000
 unirope,013584-GE039,B30.9-5,3000
 unirope,013591-V060,B30.9-5,3000
 unirope,013593-J175,B30.9-5,3000
 unirope,013594-J218,B30.9-5,3000
 unirope,013595-R069,B30.9-5,3000
 unirope,013597-J196,B30.9-5,3000
 unirope,013598-J239,B30.9-5,3000
 unirope,013599-J55,B30.9-5,3000
 unirope,013600-J216,B30.9-5,3000
 unirope,013611-N080,B30.9-5,3000
 unirope,013612-J229,B30.9-5,3000
 unirope,013613-N064,B30.9-5,3000
 unirope,013614-J198,B30.9-5,3000
 unirope,013615-N063,B30.9-5,3000
 unirope,013616-R067,B30.9-5,3000
 unirope,013618-R078,B30.9-5,3000
 unirope,013620-J238,B30.9-5,3000
 unirope,021791,B30.9-5,14483
 unirope,021799,B30.9-5,7683
 unirope,102456,B30.9-5,6486
 unirope,SF3,B30.9-6,10
 unirope,018085,Proof Test-150K Test Bed,50325
 unirope,021569,Proof Test-150K Test Bed,13658
 unirope,022273,Proof Test-150K Test Bed,8892
 unirope,023918,Proof Test-150K Test Bed,8892
 unirope,024185,Proof Test-150K Test Bed,3000
 unirope,024414,Proof Test-150K Test Bed,20075
 unirope,024416,Proof Test-150K Test Bed,7654
 unirope,024420,Proof Test-150K Test Bed,8892
 unirope,024421,Proof Test-150K Test Bed,7654
 unirope,024422,Proof Test-150K Test Bed,7654
 unirope,024423,Proof Test-150K Test Bed,8892
 unirope,024424,Proof Test-150K Test Bed,8892
 unirope,024425,Proof Test-150K Test Bed,7654
 unirope,024426,Proof Test-150K Test Bed,7654
 unirope,024427,Proof Test-150K Test Bed,8113
 unirope,024428,Proof Test-150K Test Bed,8113
 unirope,024429,Proof Test-150K Test Bed,7654
 unirope,024430,Proof Test-150K Test Bed,8892
 unirope,024444,Proof Test-150K Test Bed,8113
 unirope,024449,Proof Test-150K Test Bed,8892
 unirope,024451,Proof Test-150K Test Bed,7654
 unirope,024452,Proof Test-150K Test Bed,18242
 unirope,024454,Proof Test-150K Test Bed,8892
 unirope,024455,Proof Test-150K Test Bed,12100
 unirope,024456,Proof Test-150K Test Bed,8892
 unirope,024457,Proof Test-150K Test Bed,7654
 unirope,024458,Proof Test-150K Test Bed,8892
 unirope,024459,Proof Test-150K Test Bed,8892
 unirope,024460,Proof Test-150K Test Bed,8113
 unirope,024461,Proof Test-150K Test Bed,7654
 unirope,024462,Proof Test-150K Test Bed,11183
 unirope,024463,Proof Test-150K Test Bed,7654
 unirope,024464,Proof Test-150K Test Bed,7654
 unirope,024465,Proof Test-150K Test Bed,8892
 unirope,024466,Proof Test-150K Test Bed,7654
 unirope,024467,Proof Test-150K Test Bed,7654
 unirope,024468,Proof Test-150K Test Bed,7654
 unirope,024469,Proof Test-150K Test Bed,8113
 unirope,024470,Proof Test-150K Test Bed,8892
 unirope,024471,Proof Test-150K Test Bed,7654
 unirope,024473,Proof Test-150K Test Bed,7654
 unirope,024474,Proof Test-150K Test Bed,7654
 unirope,024475,Proof Test-150K Test Bed,7654
 unirope,024476,Proof Test-150K Test Bed,7654
 unirope,024477,Proof Test-150K Test Bed,7654
 unirope,024478,Proof Test-150K Test Bed,7654
 unirope,024480,Proof Test-150K Test Bed,7654
 unirope,024481,Proof Test-150K Test Bed,7654
 unirope,024482,Proof Test-150K Test Bed,12100
 unirope,024483,Proof Test-150K Test Bed,7654
 unirope,024484,Proof Test-150K Test Bed,7654
 unirope,024485,Proof Test-150K Test Bed,7654
 unirope,024486,Proof Test-150K Test Bed,8892
 unirope,024487,Proof Test-150K Test Bed,7654
 unirope,024488,Proof Test-150K Test Bed,7654
 unirope,024489,Proof Test-150K Test Bed,7654
 unirope,024490,Proof Test-150K Test Bed,8892
 unirope,024491,Proof Test-150K Test Bed,7654
 unirope,024494,Proof Test-150K Test Bed,7654
 unirope,024496,Proof Test-150K Test Bed,8892
 unirope,024497,Proof Test-150K Test Bed,8113
 unirope,024499,Proof Test-150K Test Bed,7654
 unirope,024500,Proof Test-150K Test Bed,11183
 unirope,12312,Proof Test-150K Test Bed,20075
 unirope,13177,Proof Test-150K Test Bed,14713
 unirope,13178,Proof Test-150K Test Bed,14713
 unirope,14203,Proof Test-150K Test Bed,50325
 unirope,14221,Proof Test-150K Test Bed,50325
 unirope,14365,Proof Test-150K Test Bed,50325
 unirope,1439,Proof Test-150K Test Bed,20075
 unirope,14392,Proof Test-150K Test Bed,23192
 unirope,14393,Proof Test-150K Test Bed,18242
 unirope,14399,Proof Test-150K Test Bed,28325
 unirope,14456,Proof Test-150K Test Bed,23192
 unirope,14457,Proof Test-150K Test Bed,28325
 unirope,1465,Proof Test-150K Test Bed,23192
 unirope,14881,Proof Test-150K Test Bed,11183
 unirope,14883,Proof Test-150K Test Bed,8113
 unirope,14884,Proof Test-150K Test Bed,11183
 unirope,2023,Proof Test-150K Test Bed,23192
 unirope,2211,Proof Test-150K Test Bed,14713
 unirope,2251,Proof Test-150K Test Bed,18425
 unirope,2928,Proof Test-150K Test Bed,12100
 unirope,2966,Proof Test-150K Test Bed,14713
 unirope,3968,Proof Test-150K Test Bed,12100
 unirope,4560,Proof Test-150K Test Bed,8113
 unirope,4561,Proof Test-150K Test Bed,8113
 unirope,9091,Proof Test-150K Test Bed,14713
 unirope,9091A,Proof Test-150K Test Bed,14713
 unirope,BC01,Proof Test-150K Test Bed,11183
 unirope,BC02,Proof Test-150K Test Bed,11183
 unirope,BC04,Proof Test-150K Test Bed,11183
 unirope,bc05,Proof Test-150K Test Bed,11183
 unirope,BC08A,Proof Test-150K Test Bed,11183
 unirope,BC08B,Proof Test-150K Test Bed,11183
 unirope,BC09,Proof Test-150K Test Bed,11183
 unirope,bc10,Proof Test-150K Test Bed,7654
 unirope,BC11,Proof Test-150K Test Bed,7654
 unirope,BC12,Proof Test-150K Test Bed,7654
 unirope,BC14,Proof Test-150K Test Bed,18242
 unirope,BC15,Proof Test-150K Test Bed,12100
 unirope,BC16,Proof Test-150K Test Bed,20075
 unirope,BC17,Proof Test-150K Test Bed,20075
 unirope,BC18,Proof Test-150K Test Bed,13658
 unirope,BC19,Proof Test-150K Test Bed,13658
 unirope,BC20,Proof Test-150K Test Bed,13658
 unirope,BC21,Proof Test-150K Test Bed,23192
 unirope,BC22,Proof Test-150K Test Bed,7654
 unirope,BC23,Proof Test-150K Test Bed,11183
 unirope,BC24,Proof Test-150K Test Bed,18242
 unirope,CP-03,Proof Test-150K Test Bed,8113
 unirope,DC448,Proof Test-150K Test Bed,13658
 unirope,E2124,Proof Test-150K Test Bed,15828
 unirope,E4729,Proof Test-150K Test Bed,7654
 unirope,hp01,Proof Test-150K Test Bed,20075
 unirope,hp02,Proof Test-150K Test Bed,20075
 unirope,hp03,Proof Test-150K Test Bed,12100
 unirope,hp06,Proof Test-150K Test Bed,11183
 unirope,SC2085,Proof Test-150K Test Bed,13658
 unirope,UR10039,Proof Test-150K Test Bed,15675
 unirope,UR10040,Proof Test-150K Test Bed,15675
 unirope,UR10082,Proof Test-150K Test Bed,23192
 unirope,UR 1131,Proof Test-150K Test Bed,18242
 unirope,UR12311,Proof Test-150K Test Bed,16225
 unirope,UR12757,Proof Test-150K Test Bed,16225
 unirope,UR12758,Proof Test-150K Test Bed,16225
 unirope,UR 12885,Proof Test-150K Test Bed,16225
 unirope,UR 12887,Proof Test-150K Test Bed,12100
 unirope,UR12890,Proof Test-150K Test Bed,18242
 unirope,UR 13238,Proof Test-150K Test Bed,12100
 unirope,UR 13240,Proof Test-150K Test Bed,12100
 unirope,UR 13468,Proof Test-150K Test Bed,8113
 unirope,UR 1361,Proof Test-150K Test Bed,13658
 unirope,UR13871,Proof Test-150K Test Bed,18242
 unirope,UR14073,Proof Test-150K Test Bed,22275
 unirope,UR14074,Proof Test-150K Test Bed,22275
 unirope,UR14206,Proof Test-150K Test Bed,16225
 unirope,UR 14304,Proof Test-150K Test Bed,13658
 unirope,UR 14390,Proof Test-150K Test Bed,8113
 unirope,UR 14712,Proof Test-150K Test Bed,8113
 unirope,UR 14836,Proof Test-150K Test Bed,14713
 unirope,UR 14953,Proof Test-150K Test Bed,20075
 unirope,UR15516,Proof Test-150K Test Bed,12100
 unirope,UR15517,Proof Test-150K Test Bed,15675
 unirope,UR15518,Proof Test-150K Test Bed,15675
 unirope,UR15519,Proof Test-150K Test Bed,11183
 unirope,UR 15655,Proof Test-150K Test Bed,8113
 unirope,UR 198,Proof Test-150K Test Bed,20075
 unirope,ur 3239,Proof Test-150K Test Bed,12100
 unirope,UR 4253,Proof Test-150K Test Bed,18425
 unirope,UR 4254,Proof Test-150K Test Bed,18425
 unirope,UR 4304,Proof Test-150K Test Bed,18425
 unirope,ur 4379,Proof Test-150K Test Bed,13658
 unirope,UR 4393,Proof Test-150K Test Bed,12100
 unirope,ur 4413,Proof Test-150K Test Bed,8892
 unirope,UR 6632,Proof Test-150K Test Bed,18425
 unirope,UR 6633,Proof Test-150K Test Bed,18425
 unirope,UR 7070,Proof Test-150K Test Bed,18242
 unirope,UR 7571,Proof Test-150K Test Bed,22275
 unirope,UR 7734,Proof Test-150K Test Bed,23192
 unirope,ur 9454,Proof Test-150K Test Bed,16225
 unirope,ur9570,Proof Test-150K Test Bed,13658
 unirope,ur 9755,Proof Test-150K Test Bed,16225
 unirope,SF1,Proof Test-500K Test Bed,12000
 unirope,URP11292007154733476,Proof Test-500K Test Bed,12000
 unirope,017324,Repair,1000
 unirope,018011,Repair,18557
 unirope,018012,Repair,16310
 unirope,018018,Repair,9682
 unirope,018088,Repair,18030
 unirope,018151,Repair,21893
 unirope,018156,Repair,16935
 unirope,018637,Repair,35130
 unirope,018655,Repair,7484
 unirope,020634,Repair,82857
 unirope,021569,Repair,6596
 unirope,022273,Repair,1278
 unirope,023752,Repair,60720
 unirope,023759,Repair,5434
 unirope,023918,Repair,1278
 unirope,024011,Repair,27770
 unirope,024014,Repair,5320
 unirope,024015,Repair,3724
 unirope,024017,Repair,2285
 unirope,024019,Repair,5406
 unirope,024022,Repair,966
 unirope,024023,Repair,14455
 unirope,024024,Repair,2616
 unirope,024032,Repair,14346
 unirope,024037,Repair,11828
 unirope,024038,Repair,17439
 unirope,024040,Repair,241597
 unirope,024054,Repair,11326
 unirope,024060,Repair,89367
 unirope,024061,Repair,32925
 unirope,024062,Repair,25413
 unirope,024063,Repair,72203
 unirope,024064,Repair,9605
 unirope,024065,Repair,19693
 unirope,024069,Repair,10055
 unirope,024071,Repair,1812
 unirope,024072,Repair,12136
 unirope,024073,Repair,51713
 unirope,024074,Repair,34313
 unirope,024075,Repair,5252
 unirope,024077,Repair,6435
 unirope,024080,Repair,1692
 unirope,024081,Repair,3724
 unirope,024083,Repair,45856
 unirope,024084,Repair,26445
 unirope,024086,Repair,81078
 unirope,024088,Repair,9559
 unirope,024090,Repair,23268
 unirope,024092,Repair,2446
 unirope,024096,Repair,83930
 unirope,024098,Repair,15010
 unirope,024100,Repair,105842
 unirope,024414,Repair,10396
 unirope,024421,Repair,414
 unirope,024422,Repair,414
 unirope,024424,Repair,1180
 unirope,024425,Repair,414
 unirope,024426,Repair,414
 unirope,024427,Repair,643
 unirope,024429,Repair,679
 unirope,024430,Repair,1180
 unirope,024444,Repair,643
 unirope,024452,Repair,9152
 unirope,024455,Repair,11828
 unirope,024456,Repair,11828
 unirope,024460,Repair,643
 unirope,024461,Repair,4299
 unirope,024462,Repair,6660
 unirope,024464,Repair,414
 unirope,024466,Repair,4854
 unirope,024467,Repair,414
 unirope,024468,Repair,414
 unirope,024471,Repair,4854
 unirope,024473,Repair,828
 unirope,024474,Repair,828
 unirope,024475,Repair,5409
 unirope,024476,Repair,828
 unirope,024477,Repair,7074
 unirope,024478,Repair,414
 unirope,024479,Repair,3189
 unirope,024480,Repair,828
 unirope,024481,Repair,828
 unirope,024482,Repair,4265
 unirope,024483,Repair,414
 unirope,024484,Repair,414
 unirope,024487,Repair,414
 unirope,024489,Repair,2634
 unirope,024490,Repair,7552
 unirope,024491,Repair,414
 unirope,024494,Repair,5409
 unirope,024499,Repair,6519
 unirope,024500,Repair,3858
 unirope,027N,Repair,3167
 unirope,029N,Repair,2667
 unirope,05151,Repair,16594
 unirope,05151,Repair,906
 unirope,102,Repair,1848
 unirope,1038,Repair,1319
 unirope,1038,Repair,848
 unirope,1038,Repair,1665
 unirope,11373,Repair,8580
 unirope,12312,Repair,30685
 unirope,12436,Repair,846
 unirope,12437,Repair,27081
 unirope,12696,Repair,855
 unirope,12697,Repair,1862
 unirope,12842,Repair,535
 unirope,13401,Repair,535
 unirope,13673,Repair,6944
 unirope,13898,Repair,1070
 unirope,13899,Repair,1070
 unirope,14203,Repair,55189
 unirope,14237,Repair,2538
 unirope,14240,Repair,13067
 unirope,14240,Repair,8831
 unirope,14248,Repair,1709
 unirope,14250 b,Repair,846
 unirope,14250 C,Repair,855
 unirope,14277,Repair,20303
 unirope,14290,Repair,36386
 unirope,14365,Repair,85765
 unirope,14782,Repair,7552
 unirope,14783,Repair,7552
 unirope,14883,Repair,7150
 unirope,14917,Repair,14840
 unirope,14918,Repair,14840
 unirope,14921,Repair,7644
 unirope,14923,Repair,32826
 unirope,14924,Repair,24069
 unirope,14925,Repair,24069
 unirope,14928,Repair,10644
 unirope,14929,Repair,10644
 unirope,14930,Repair,19354
 unirope,14931,Repair,14300
 unirope,14932,Repair,14300
 unirope,14933,Repair,14300
 unirope,14934,Repair,14300
 unirope,14935,Repair,18898
 unirope,14936,Repair,30271
 unirope,14937,Repair,24010
 unirope,14938,Repair,24010
 unirope,14939,Repair,24010
 unirope,14940,Repair,63763
 unirope,14940,Repair,29680
 unirope,14955,Repair,15173
 unirope,14956,Repair,15173
 unirope,14957,Repair,15173
 unirope,14958,Repair,15173
 unirope,14959,Repair,5044
 unirope,14960,Repair,5044
 unirope,14961,Repair,23628
 unirope,15183,Repair,14968
 unirope,15422,Repair,32344
 unirope,15637,Repair,11440
 unirope,15638,Repair,5005
 unirope,15639,Repair,16700
 unirope,16039,Repair,2495
 unirope,16040,Repair,2495
 unirope,16041,Repair,2495
 unirope,16050,Repair,2522
 unirope,16166,Repair,8596
 unirope,16406,Repair,15288
 unirope,16407,Repair,37980
 unirope,16408,Repair,53084
 unirope,16409,Repair,11066
 unirope,16410,Repair,87115
 unirope,16411,Repair,87115
 unirope,16412,Repair,5044
 unirope,16413,Repair,14770
 unirope,16414,Repair,14127
 unirope,16415,Repair,110669
 unirope,16416,Repair,49046
 unirope,16417,Repair,110669
 unirope,17031,Repair,4990
 unirope,177193,Repair,1070
 unirope,2023,Repair,924
 unirope,207389721,Repair,8350
 unirope,2201,Repair,11440
 unirope,2203,Repair,8580
 unirope,222,Repair,10000
 unirope,2251,Repair,22656
 unirope,24021,Repair,23268
 unirope,2424,Repair,11828
 unirope,2482,Repair,88620
 unirope,3051,Repair,9052
 unirope,3437,Repair,42200
 unirope,369-M,Repair,1862
 unirope,3753,Repair,26850
 unirope,3968,Repair,53583
 unirope,3968,Repair,1692
 unirope,5271,Repair,59780
 unirope,5h1-s3,Repair,6843
 unirope,5H2-S10,Repair,620
 unirope,5h2-s19,Repair,23087
 unirope,5h2-s23,Repair,23087
 unirope,5h2-s24,Repair,23087
 unirope,5h2-s30,Repair,23087
 unirope,5h2-s35,Repair,6843
 unirope,5H2-S38,Repair,38818
 unirope,5h2-s42,Repair,6843
 unirope,5h2-s46,Repair,6843
 unirope,5H2-S5,Repair,620
 unirope,5H2-S50,Repair,636
 unirope,5h2-s54,Repair,23087
 unirope,5h2-s56,Repair,6384
 unirope,5h2-s59,Repair,6843
 unirope,5h2-s7,Repair,23087
 unirope,5h2-s9,Repair,23087
 unirope,5h3-s3,Repair,2979
 unirope,5h5-s2,Repair,1652
 unirope,5h5-s3,Repair,2370
 unirope,5h5-s4,Repair,18642
 unirope,5h5-s7,Repair,8880
 unirope,5h6-s1,Repair,6843
 unirope,5h6-s16,Repair,9593
 unirope,5h6-s5,Repair,23087
 unirope,5H6-S6,Repair,3932
 unirope,5h7-s3,Repair,23087
 unirope,7250,Repair,23142
 unirope,7250,Repair,5536
 unirope,7377,Repair,64351
 unirope,740,Repair,13334
 unirope,7470,Repair,1710
 unirope,7878,Repair,14580
 unirope,7878,Repair,2768
 unirope,7879,Repair,1812
 unirope,7879,Repair,12864
 unirope,7942,Repair,1692
 unirope,7942,Repair,11828
 unirope,7966,Repair,14300
 unirope,8400,Repair,1710
 unirope,8405,Repair,15015
 unirope,8409,Repair,5550
 unirope,8409,Repair,2616
 unirope,8410,Repair,1319
 unirope,8410,Repair,7215
 unirope,8416,Repair,906
 unirope,8699,Repair,1692
 unirope,8699,Repair,55697
 unirope,8986,Repair,9495
 unirope,9242,Repair,906
 unirope,9244,Repair,846
 unirope,9459,Repair,55000
 unirope,ae02,Repair,3724
 unirope,ae02,Repair,6596
 unirope,ae03,Repair,1692
 unirope,ae03,Repair,20402
 unirope,ae03,Repair,32984
 unirope,ae04,Repair,8753
 unirope,ae04,Repair,5640
 unirope,ae05,Repair,11066
 unirope,ae06,Repair,59346
 unirope,ae06,Repair,5970
 unirope,ae07,Repair,9795
 unirope,ae07,Repair,2666
 unirope,ae11,Repair,11066
 unirope,ae12,Repair,11066
 unirope,ae12,Repair,2360
 unirope,ae13,Repair,28122
 unirope,ae13,Repair,11828
 unirope,ae14,Repair,34557
 unirope,ae14,Repair,1692
 unirope,ae15,Repair,3724
 unirope,ae16,Repair,5533
 unirope,ae17,Repair,25834
 unirope,ae17,Repair,1692
 unirope,ae18,Repair,1812
 unirope,ae18,Repair,33927
 unirope,BS04,Repair,6596
 unirope,BS04,Repair,14148
 unirope,BS05,Repair,6596
 unirope,BS05,Repair,7776
 unirope,BS06,Repair,7552
 unirope,BS06,Repair,13192
 unirope,BS07,Repair,9894
 unirope,BS07,Repair,1180
 unirope,BS09,Repair,2360
 unirope,BS09,Repair,6596
 unirope,BS10,Repair,10850
 unirope,BS11,Repair,6596
 unirope,BS11,Repair,18185
 unirope,BS14,Repair,30072
 unirope,BS21,Repair,14148
 unirope,BS25,Repair,13192
 unirope,BS25,Repair,13192
 unirope,BS35,Repair,11440
 unirope,BS36,Repair,3724
 unirope,BS40,Repair,5914
 unirope,BS41,Repair,11440
 unirope,BS42,Repair,11440
 unirope,BS45,Repair,846
 unirope,cac869,Repair,20020
 unirope,CT04,Repair,56344
 unirope,CT07,Repair,19771
 unirope,CT08,Repair,23562
 unirope,CT10,Repair,16743
 unirope,CT12,Repair,42200
 unirope,CT14,Repair,16743
 unirope,CT19,Repair,14770
 unirope,CT23,Repair,20615
 unirope,CT24,Repair,31650
 unirope,CT28,Repair,17798
 unirope,CT31,Repair,1632
 unirope,CT34,Repair,33700
 unirope,CT35,Repair,39542
 unirope,CT36,Repair,75656
 unirope,CT37,Repair,35596
 unirope,CT45,Repair,16296
 unirope,CT46,Repair,33963
 unirope,CT47,Repair,14968
 unirope,CT48,Repair,2979
 unirope,CTN01,Repair,35322
 unirope,CTN04,Repair,14876
 unirope,CTN05,Repair,93120
 unirope,CTN06,Repair,16880
 unirope,CTN10,Repair,15825
 unirope,CTN13,Repair,21123
 unirope,CTN14,Repair,45505
 unirope,CTN15,Repair,30665
 unirope,dc2-50,Repair,18709
 unirope,DC448,Repair,4272
 unirope,DC448,Repair,48130
 unirope,E 1658,Repair,31390
 unirope,E2036,Repair,2426
 unirope,E2038,Repair,2550
 unirope,E2041,Repair,15849
 unirope,E2049,Repair,10010
 unirope,E2053,Repair,15283
 unirope,E2055,Repair,14068
 unirope,E2058,Repair,12568
 unirope,E2059,Repair,1890
 unirope,E2060,Repair,2426
 unirope,E2063,Repair,21987
 unirope,E2065,Repair,11308
 unirope,E2067,Repair,7061
 unirope,E2069,Repair,1055
 unirope,E2071,Repair,27762
 unirope,E2072,Repair,1213
 unirope,E2073,Repair,3192
 unirope,E2074,Repair,18609
 unirope,E2075,Repair,5720
 unirope,E2076,Repair,6968
 unirope,E2077,Repair,1213
 unirope,E2079,Repair,5720
 unirope,E2081,Repair,13618
 unirope,E2082,Repair,10354
 unirope,E2083,Repair,11665
 unirope,E2084,Repair,10843
 unirope,E2085,Repair,16670
 unirope,E2086,Repair,13415
 unirope,E2087,Repair,17578
 unirope,E2088,Repair,12446
 unirope,E2089,Repair,8083
 unirope,E2090,Repair,20635
 unirope,E2091,Repair,32820
 unirope,E2092,Repair,8874
 unirope,E2094,Repair,11439
 unirope,E2095,Repair,10731
 unirope,E2096,Repair,8171
 unirope,E2107,Repair,10259
 unirope,E2109,Repair,22043
 unirope,E2110,Repair,9025
 unirope,E2110,Repair,10431
 unirope,E2112,Repair,8375
 unirope,F 2715,Repair,409
 unirope,F 3399,Repair,9980
 unirope,F 3492,Repair,12768
 unirope,F 3496,Repair,86848
 unirope,F 3497,Repair,286
 unirope,F 3499,Repair,30710
 unirope,F 3502,Repair,409
 unirope,F 3503,Repair,6384
 unirope,F 3504B,Repair,572
 unirope,F 3505,Repair,409
 unirope,F 3505,Repair,17420
 unirope,FE1456,Repair,8028
 unirope,FE1457,Repair,3738
 unirope,FE 1546,Repair,45053
 unirope,FP0,Repair,13192
 unirope,FP01,Repair,6596
 unirope,FP06,Repair,8714
 unirope,FP08,Repair,10596
 unirope,FP10,Repair,15894
 unirope,GAW 01,Repair,23210
 unirope,GAW 02,Repair,6596
 unirope,GAW 04,Repair,10000
 unirope,GAW 06,Repair,65873
 unirope,GAW 07,Repair,46185
 unirope,GAW 09,Repair,61608
 unirope,GAW 10,Repair,79350
 unirope,GAW 12,Repair,33096
 unirope,GAW 13,Repair,50234
 unirope,HG-02,Repair,94120
 unirope,hpu01,Repair,72495
 unirope,hpu03,Repair,72495
 unirope,hpu05,Repair,13434
 unirope,hpu05,Repair,44520
 unirope,hpu08,Repair,25376
 unirope,hpu08,Repair,20020
 unirope,hpu09,Repair,17926
 unirope,hpu11,Repair,30172
 unirope,hpu11,Repair,20020
 unirope,ITT 04,Repair,15729
 unirope,ITT 07,Repair,8714
 unirope,KM 04,Repair,12903
 unirope,KM 19,Repair,3192
 unirope,KM 20,Repair,3192
 unirope,KM 23,Repair,4552
 unirope,KM 27,Repair,1665
 unirope,KM 28,Repair,2288
 unirope,KM 31,Repair,679
 unirope,LABOUR,Repair,200000
 unirope,LABOUR,Repair,108000
 unirope,LABOUR,Repair,130000
 unirope,LABOUR2,Repair,104000
 unirope,MC-28-V,Repair,2360
 unirope,NFFD-30,Repair,1049
 unirope,NFFD-34,Repair,414
 unirope,NOHS01,Repair,1692
 unirope,NOHS02,Repair,846
 unirope,NOHS03,Repair,1692
 unirope,NOHS04,Repair,19716
 unirope,NOHS04,Repair,8395
 unirope,SC2085,Repair,42362
 unirope,SC2085,Repair,2556
 unirope,SC5798,Repair,3420
 unirope,SC5798,Repair,4508
 unirope,SC5873,Repair,1812
 unirope,SC6696,Repair,3420
 unirope,SC6696,Repair,4508
 unirope,SW 17,Repair,36449
 unirope,SW 26,Repair,6596
 unirope,TS1 02,Repair,21320
 unirope,TS1 03,Repair,534
 unirope,TS1 09,Repair,16091
 unirope,TS2 04,Repair,46952
 unirope,TS5 01,Repair,286
 unirope,ur012245,Repair,13500
 unirope,ur10127,Repair,42200
 unirope,UR 1131,Repair,1049
 unirope,UR11673,Repair,59596
 unirope,UR12271,Repair,20744
 unirope,UR12311,Repair,8714
 unirope,UR12311,Repair,55135
 unirope,UR12642,Repair,11400
 unirope,UR12643,Repair,11400
 unirope,UR12644,Repair,11400
 unirope,UR12645,Repair,11400
 unirope,UR12757,Repair,8714
 unirope,UR12758,Repair,8714
 unirope,UR 12759,Repair,846
 unirope,UR12778,Repair,18250
 unirope,UR12783,Repair,5298
 unirope,UR12785,Repair,30894
 unirope,UR12802,Repair,3298
 unirope,UR 12827,Repair,5720
 unirope,UR12833-E,Repair,4854
 unirope,UR12834-E,Repair,4854
 unirope,UR 12887,Repair,846
 unirope,UR 12919,Repair,6330
 unirope,UR 12920,Repair,6330
 unirope,UR 12921,Repair,6330
 unirope,UR 12922,Repair,6330
 unirope,UR 13102,Repair,47398
 unirope,UR 13105,Repair,3724
 unirope,UR 13468,Repair,15861
 unirope,UR 13668,Repair,14449
 unirope,UR 13669,Repair,11066
 unirope,UR 13670,Repair,15950
 unirope,UR 13671,Repair,24002
 unirope,UR 13785,Repair,103000
 unirope,UR14039,Repair,1180
 unirope,UR14039,Repair,3298
 unirope,UR14041,Repair,38512
 unirope,UR14043,Repair,31916
 unirope,UR14044,Repair,24390
 unirope,UR14047,Repair,6596
 unirope,UR 142,Repair,8880
 unirope,UR14206,Repair,55135
 unirope,UR14206,Repair,8714
 unirope,UR 14304,Repair,17663
 unirope,UR 14365,Repair,7448
 unirope,UR 14390,Repair,846
 unirope,ur14722,Repair,6596
 unirope,UR 14786,Repair,7448
 unirope,UR 14810,Repair,49144
 unirope,UR 14810,Repair,15288
 unirope,UR 14811,Repair,8714
 unirope,UR 14812,Repair,4357
 unirope,UR 14813,Repair,4357
 unirope,ur14959,Repair,15173
 unirope,ur14960,Repair,15173
 unirope,ur14984,Repair,162713
 unirope,UR 14985,Repair,3724
 unirope,UR 14987,Repair,9140
 unirope,UR 15220,Repair,7448
 unirope,UR 15222,Repair,7448
 unirope,UR 15226,Repair,14044
 unirope,UR 15427,Repair,27920
 unirope,UR 15428,Repair,27920
 unirope,UR 15510,Repair,7448
 unirope,UR 15512,Repair,3724
 unirope,UR 15513,Repair,11172
 unirope,UR15516,Repair,29652
 unirope,UR15518,Repair,3498
 unirope,UR15519,Repair,21813
 unirope,UR15557,Repair,8722
 unirope,UR15558-M,Repair,23656
 unirope,UR15562-V,Repair,2360
 unirope,UR 15784,Repair,6084
 unirope,UR 16103,Repair,7484
 unirope,UR 16106,Repair,18623
 unirope,UR 1663,Repair,3724
 unirope,UR 1665,Repair,1166
 unirope,UR 1665,Repair,3724
 unirope,UR 198,Repair,3384
 unirope,UR 2198,Repair,11172
 unirope,ur2272,Repair,3420
 unirope,ur2273,Repair,3420
 unirope,UR 2498,Repair,12130
 unirope,UR 2634,Repair,1709
 unirope,ur3632,Repair,127913
 unirope,ur3632,Repair,16296
 unirope,UR 3657,Repair,1792
 unirope,UR 4254,Repair,465
 unirope,UR 4296,Repair,7448
 unirope,ur 4379,Repair,2774
 unirope,UR 4393,Repair,1692
 unirope,UR 5086,Repair,15104
 unirope,UR 5094,Repair,5505
 unirope,UR 5095,Repair,10010
 unirope,UR 521,Repair,2058
 unirope,UR522,Repair,16700
 unirope,UR523,Repair,21140
 unirope,UR5851,Repair,6596
 unirope,UR5851,Repair,2360
 unirope,UR 6279,Repair,2332
 unirope,UR635,Repair,721
 unirope,UR 6393,Repair,5416
 unirope,UR 6632,Repair,21793
 unirope,UR 6632,Repair,465
 unirope,UR 6680,Repair,2797
 unirope,UR 7173,Repair,14044
 unirope,UR7870,Repair,1692
 unirope,UR 8169,Repair,8440
 unirope,UR8667,Repair,18207
 unirope,UR8667,Repair,14300
 unirope,UR 8957,Repair,2360
 unirope,ur9413,Repair,7150
 unirope,UR 9540,Repair,2775
 unirope,UR9593-M,Repair,59360
 unirope,VC 01,Repair,34313
 unirope,VC 02,Repair,20408
 unirope,VC 09,Repair,1358
 unirope,VC 10,Repair,17230
 unirope,VC 12,Repair,34313
 unirope,VC 13,Repair,679
 unirope,VC 15,Repair,8350
 unirope,VC 16,Repair,6646
 unirope,VC 17,Repair,6060
 unirope,VC 18,Repair,1358
 unirope,VC 19,Repair,8350
 unirope,VC 21,Repair,8580
 unirope,VC 25,Repair,453
 unirope,VC 26,Repair,11828
 unirope,VC 27,Repair,1998
 unirope,VC 28,Repair,9559
 unirope,VC 29,Repair,5298
 unirope,VC 30,Repair,1998
 unirope,VC 32,Repair,8350
 unirope,VC 36,Repair,679
 unirope,W744895,Repair,8596
 unirope,WFS 667,Repair,8706
 unirope,WFS 668,Repair,8706
 unirope,wi09,Repair,1862
 unirope,WTM 09,Repair,22798
 unirope,WTM 30,Repair,6944
 unirope,WTM 31,Repair,6944
 unirope,WTM 47,Repair,286
 unirope,WTM 48,Repair,286
 unirope,WTM 49,Repair,286
 unirope,WTM 61,Repair,24002
 unirope,WTM 62,Repair,24002
 wcwr,1080670,Repair,1000000
