8,"Reitmans Department Store","4025 Wellington St.",,"VERDUN","QC",516
12,"Reitmans Department Store","1679 Mount Royal St. E.",,"MONTREAL","QC",516
54,"Reitmans Department Store","4190 Jean Talon St. E.",,"SAINT-LEONARD","QC",516
59,"Reitmans Department Store","362 Dorval Rd..","Dorval Gardens S.C","DORVAL","QC",516
84,"Reitmans Department Store","7021 Cote St. Luc Rd.","Cote St.Luc S.C.","COTE SAINT-LUC","QC",516
90,"Reitmans Department Store","10539 Pie IX Bl.","Forest Shopping Centre","MONTREAL-NORD","QC",516
123,"Reitmans Department Store","3205 Ave. de Granby, Unit #10","Domaine S.C.","MONTREAL","QC",516
145,"Reitmans Department Store","4268-1st. Ave.","Les Galeries Charlesbourg","QUEBEC","QC",517
160,"Reitmans Department Store","1757 Fleury St. E.","Fleury S.C.","MONTREAL","QC",516
173,"Reitmans Department Store","200 Blvd. D'Anjou #277","Chateauguay Shopping Centre","CHATEAUGUAY","QC",515
187,"Reitmans Department Store","1 Place Ville Marie","Suite 1105","MONTREAL","QC",516
192,"Reitmans Department Store","550 blvd. Hamel","Place Fleur de Lys","QUEBEC","QC",517
198,"Reitmans Department Store","7275 Sherbrooke St. E.","Place Versailles","MONTREAL","QC",516
218,"Reitmans Department Store","7852 Champlain Blvd. Unit #20","Place Lasalle","LASALLE","QC",516
222,"Reitmans Department Store","7250 Taschereau Blvd., Unit 13","Place Portobello","BROSSARD","QC",515
226,"Reitmans Department Store","1500 Atwater St.","Alexis Nihon Plaza","MONTREAL","QC",516
229,"Reitmans Department Store","1600 Boul. Le Corbusier,","Centre Laval","LAVAL","QC",515
230,"Reitmans Department Store","7999 Boul. Les Galeries d'Anjou","Les Galeries d'Anjou","ANJOU","QC",516
234,"Reitmans Department Store","6700 Cote Des Neiges Rd.","Plaza Cote des Neiges","MONTREAL","QC",516
270,"Reitmans Department Store","4125 Boul DesForges B-5","Centre D'Achat Les Rivieres","TROIS-RIVIERES","QC",505
275,"Reitmans Department Store","2940 Remembrance St.","Les Galeries Lachine","LACHINE","QC",516
290,"Reitmans Department Store","320 Boul St-Joseph, Unit #235","Galeries de Hull","GATINEAU","QC",518
369,"SMART SET","3131 Cote Vertu","Place Cote Vertu","SAINT-LAURENT","QC",516
373,"SMART SET","2151 Lapiniere Unit F10","Champlain Mall,","BROSSARD","QC",515
410,"Reitmans Department Store","3050 Portland Blvd.","Carrefour de l'Estrie","SHERBROOKE","QC",505
418,"Reitmans Department Store","1 Plaza de la Mauricie",,"SHAWINIGAN","QC",505
420,"Reitmans Department Store","3035 boul. Le Carrefour","Carrefour Laval","LAVAL","QC",515
425,"Reitmans Department Store","999 De Bourgogne","Place des Quatre Bourgeois","QUEBEC","QC",517
443,"Reitmans Department Store","100 Brien Blvd.","Galeries Rive Nord Suite 13","REPENTIGNY","QC",515
446,"Reitmans Department Store","600 Laurier Blvd.,","Montenach Mall","BELOEIL","QC",515
452,"Reitmans Department Store","3131 Cote Vertu","Place Cote Vertu","SAINT-LAURENT","QC",516
458,"Reitmans Department Store","1075 Firestone","Galeries Joliette Loc.1460","JOLIETTE","QC",515
462,"Reitmans Department Store","180 Ste Catherine W., Unit #210","Complexe Desjardins,","MONTREAL","QC",516
472,"Reitmans Department Store","1005 Laure Blvd.,","Galeries Montagnaises","SEPT-ILES","QC",517
480,"Reitmans Department Store","175 rue Principale","Domaine du Parc","COWANSVILLE","QC",505
482,"Reitmans Department Store","12675 Sherbrooke St.E.","Carrefour de la Pointe","POINTE-AUX-TREMBLES","QC",516
491,"Reitmans Department Store","2151 Lapiniere","Champlain Mall","BROSSARD","QC",515
511,"Reitmans Department Store","324 Boulevard des Promenades,","Promenades St. Bruno","SAINT-BRUNO","QC",515
545,"Reitmans Department Store","825 St. Laurent O.","Place Longueuil","LONGUEUIL","QC",515
555,"Reitmans Department Store","5401 Boul des Galeries","Galeries de la Capitale","QUEBEC","QC",517
562,"Reitmans Department Store","466 - 3ieme Ave.,","Chibougamau S.C.","CHIBOUGAMAU","QC",517
577,"Reitmans Department Store","3200 Blvd. Laframboise","Les Galeries St.Hyacinthe","SAINT-HYACINTHE","QC",515
597,"Reitmans Department Store","367 Arthur Sauve Blvd.","Place St. Eustache,","SAINT-EUSTACHE","QC",515
599,"Reitmans Department Store","82-1st Ave. E. Suite #019","Place Centre-Ville Amos","AMOS","QC",507
607,"Reitmans Department Store","7077 Boul. Newman, Unit #60","Carrefour Angrignon","LASALLE","QC",516
621,"Reitmans Department Store","1500 Ave. McGill College","Place Montreal Trust,","MONTREAL","QC",516
632,"Reitmans Department Store","597 rue Phare E","La Promenade du St-Laurent","MATANE","QC",517
658,"Reitmans Department Store","200 Promenade du Portage","Place du Centre","GATINEAU","QC",518
667,"Reitmans Department Store","181 rue Principale","Galeries Aylmer","GATINEAU","QC",518
673,"Reitmans Department Store","1221 boul. Marcotte, Unit 9","Carrefour Jeannois","ROBERVAL","QC",517
678,"Reitmans Department Store","930-13th Ave. N.","Galeries Quatre Saisons","SHERBROOKE","QC",505
680,"Reitmans Department Store","101 Cardinal Leger U.#95","Faubourg de l'Ile","PINCOURT","QC",515
699,"Reitmans Department Store","848-1 rue Principale","Granby Shopping Centre","GRANBY","QC",505
750,"SMART SET","6815 Trans Canada Hwy.","Fairview Pointe-Claire,","POINTE-CLAIRE","QC",516
839,"SMART SET","40 Evangeline St., Unit 00020","Galeries Granby","GRANBY","QC",505
848,"SMART SET","4125 Boul DesForges B35","Centre d'achat Les Rivieres","TROIS-RIVIERES","QC",505
851,"SMART SET","1500 Ave. McGill College","Place Montreal Trust","MONTREAL","QC",516
866,"SMART SET","3050 Portland Blvd. Unit #E-26","Carrefour de l'Estrie","SHERBROOKE","QC",505
878,"SMART SET","175 Bl. Les Promenades,","Promenades St-Bruno Box 1105","SAINT-BRUNO","QC",515
883,"SMART SET","7999 Bl. Les Galeries d'Anjou","Les Galeries d'Anjou","ANJOU","QC",516
887,"SMART SET","100 boul. Brien Unit #12A","Galeries Rive Nord,","REPENTIGNY","QC",515
891,"SMART SET","7077 Newman","Carrefour Angrignon,","LASALLE","QC",516
1000,"Reitmans Department Store","295 boul. Armand Theriault Unit F","Plaza Theriault","RIVIERE-DU-LOUP","QC",517
1002,"Reitmans Department Store","3100 bl. de la Concorde E. Unit #6","Duvernay S.C.","LAVAL","QC",515
1009,"Reitmans Department Store","939 Boul. Albiny-Paquette","Plaza Paquette","MONT-LAURIER","QC",518
1040,"Reitmans Department Store","1401 boul. Talbot, Unit #A22","Place du Royaume,","CHICOUTIMI","QC",517
1041,"Reitmans Department Store","6361 Rte Trans-Canadienne","Complexe Pte-Claire","POINTE-CLAIRE","QC",516
1048,"Reitmans Department Store","8585 boul. Lacroix, Unit #19","Carrefour St-Georges,","SAINT-GEORGES","QC",517
1049,"Reitmans Department Store","620 Desserte O. Autoroute Chomedey","Mega Centre Ste-Dorothee","LAVAL","QC",515
1054,"Reitmans Department Store","127 Montee Masson","Mega Centre First Pro Mascouche","MASCOUCHE","QC",515
1060,"Reitmans Department Store","1007 Marche Central, Unit #B-2","Marche Central,","MONTREAL","QC",516
1064,"Reitmans Department Store","1493 rue Jules Verne","Charest & Duplessis","QUEBEC","QC",517
1070,"Reitmans Department Store","6775 St-Hubert Street",,"MONTREAL","QC",516
1077,"Reitmans Department Store","1065 Jean Baptiste Rolland Blvd.","Mega Centre St-Jerome,","SAINT-JEROME","QC",515
1093,"Reitmans Department Store","520 Voie de la Desserte,Rte1","Mega Ctre First Pro St.Constant,","SAINT-CONSTANT","QC",515
1094,"Reitmans Department Store","20 Omer-Marcil","Centre First Pro Saint-Jean,","SAINT-JEAN-SUR-RICHELIEU","QC",515
1096,"Reitmans Department Store","2100 Monseigneur-Langlois Blvd.","Mega Centre Valleyfield,","SALABERRY-DE-VALLEYFIELD","QC",515
1100,"Reitmans Department Store","RR 61, 582 Chemin de Tourraine,","Carrefour de la Rive Sud,","BOUCHERVILLE","QC",515
1103,"Reitmans Department Store","508 Montee des Pionniers","Les Galeries de Lanaudiere,","LACHENAIE","QC",515
1104,"Reitmans Department Store","715 Clemenceau Street","Mega Centre Beauport,","QUEBEC","QC",517
1106,"Reitmans Department Store","200 Bouvier Street, Suite 400","Mega Centre Lebourgneuf,","QUEBEC","QC",517
1112,"Reitmans Department Store","75 Du Plateau Blvd., Local 500","Hull Wal-Mart Centre","GATINEAU","QC",518
1116,"Reitmans Department Store","1025 Rene-Levesque, Suite 200","Centre First Pro Drummondville,","DRUMMONDVILLE","QC",505
1117,"Reitmans Department Store","6182 Henri-Bourassa Blvd Est","Ctre Commercial Premieres Neiges,","MONTREAL-NORD","QC",516
1121,"Reitmans Department Store","98C route du President Kennedy","Place Kennedy","LEVIS","QC",517
1151,"Reitmans Department Store","4600 Des Recollets Blvd.","Carrefour Trois-Rivieres,","TROIS-RIVIERES","QC",505
1158,"Reitmans Department Store","397 Montee Ind.-et-Commerciale","Centre First Pro Rimouski","RIMOUSKI","QC",517
1160,"Reitmans Department Store","5440 boul. De Val-Des-Brises","First Pro Laval East","LAVAL","QC",515
1164,"Reitmans Department Store","625 rue de la Concorde","Mega Centre Rive-Sud,","SAINT-ROMUALD","QC",517
1165,"Reitmans Department Store","100 rue du Terminus O","Les Promenades du Cuivre,","ROUYN-NORANDA","QC",515
1166,"Reitmans Department Store","9355 Leduc Blvd","Les Quartiers Dix 30,","BROSSARD","QC",515
1168,"Reitmans Department Store","2700 Boul. Laurier","Place Laurier,","QUEBEC","QC",517
1195,"Reitmans Department Store","3080 Bl de La Gare","Smart Centres Vaudreuil","VAUDREUIL-DORION","QC",515
1209,"Reitmans Department Store","79 boulevard de la Gappe","Smart Centres Gatineau","GATINEAU","QC",518
1215,"Reitmans Department Store","401 Labelle Boulevard","Place Rosemere","ROSEMERE","QC",515
1218,"Reitmans Department Store","1801 3e Avenue",,"VAL-D'OR","QC",515
2208,"RW & CO","625 Ste-Catherine W.","Pr.de la Cathedrale,","MONTREAL","QC",516
2209,"RW & CO","2450 Boul. Laurier, Unit #15","Place Ste-Foy,","QUEBEC","QC",517
2213,"RW & CO","6815 Trans-Canada Hwy Suite #C11","Fairview Pointe-Claire,","POINTE-CLAIRE","QC",516
2215,"RW & CO","3035 boul. Le Carrefour","Carrefour Laval,","LAVAL","QC",515
2216,"RW & CO","7999 boul. Les Galeries d'Anjou","Galeries d'Anjou","ANJOU","QC",516
2217,"RW & CO","2305 Chemin Rockland, Unit #1810","Centre Rockland,","MONT-ROYAL","QC",516
2219,"RW & CO","173 boul. Des Promenades","Promenades St-Bruno","SAINT-BRUNO","QC",515
2228,"RW & CO","2151 Lapiniere Blvd., Unit #H101","Champlain Mall,","BROSSARD","QC",515
2237,"RW & CO","9405 Leduc Blvd., Suite 30","Les Quartiers Dix 30","BROSSARD","QC",515
2243,"RW & CO","401 Labelle Blvd","Place Rosemere","ROSEMERE","QC",515
2245,"RW & CO","5401 Boul. Des Galeries","Les Galeries de la Capitale","QUEBEC","QC",517
2246,"RW & CO","1 Place Ville Marie","Place Ville Marie","MONTREAL","QC",516
2254,"RW & CO","7077 Bl. Newman","Carrefour Angrignon","LASALLE","QC",516
2258,"RW & CO","100 Bl. Brien","Galeries Rive Nord","REPENTIGNY","QC",515
2261,"RW & CO","1401 Bl. Talbot","Place du Royaume","CHICOUTIMI","QC",517
2262,"RW & CO","4125 Boulevard des Forges","Centre commercial les rivieres","TROIS-RIVIERES","QC",505
3529,"SMART SET","4 Complexe Desjardins, Unit 237","Complexe Desjardins,","MONTREAL","QC",516
3530,"SMART SET","7275 Sherbrooke St. E. Unit #77,","Place Versailles,","MONTREAL","QC",516
3535,"SMART SET","320 Boul. St-Joseph, Unit #203","Galeries de Hull,","GATINEAU","QC",518
3536,"SMART SET","1401 boul. Talbot, Unit #M13","Place du Royaume,","CHICOUTIMI","QC",517
4004,"ADDITION-ELLE / Off Site","605, boul des Promenades","Promenades St-Bruno","SAINT-BRUNO","QC",515
4005,"ADDITION-ELLE","7275, Sherbrooke Est","Place Versailles","MONTREAL","QC",516
4006,"ADDITION-ELLE","550, boul Wilfrid Hamel, #B-6","Place Fleur de Lys","QUEBEC","QC",517
4007,"ADDITION-ELLE / Off Site","5401, boul des Galeries, #170","Les Galeries de la Capitale","QUEBEC","QC",517
4008,"ADDITION-ELLE","1600, boul Le Corbusier","Centre Laval","LAVAL","QC",515
4009,"ADDITION-ELLE","1401, boul Talbot","Place du Royaume","CHICOUTIMI","QC",517
4011,"ADDITION-ELLE","7999 Bl. Les Galeries d'Anjou","Les Galeries d'Anjou","ANJOU","QC",516
4013,"ADDITION-ELLE","3035, boul Le Carrefour","Carrefour Laval","LAVAL","QC",515
4015,"ADDITION-ELLE / Off Site","724, rue Ste-Catherine Ouest",,"MONTREAL","QC",516
4019,"ADDITION-ELLE","7077, boulevard Newman, #48A","Carrefour Angrignon","LASALLE","QC",516
4020,"ADDITION-ELLE / Off Site","2700, boulevard Laurier, #575","Place Laurier","QUEBEC","QC",517
4021,"ADDITION-ELLE / Off Site","2700, boulevard Laurier, #231","Place Laurier","QUEBEC","QC",517
4022,"ADDITION-ELLE","1111, boulevard Jutras Est, # 52","La Grande Place des Bois Francs","VICTORIAVILLE","QC",505
4503,"ADDITION-ELLE","3530, boulevard des Forges, Unit 3","Plaza Trois-Rivieres,","TROIS-RIVIERES","QC",505
4504,"ADDITION-ELLE","1489, rue Jules Verne","Charest & Duplessis,","QUEBEC","QC",517
4505,"ADDITION-ELLE","6809 St-Hubert Street",,"MONTREAL","QC",516
4506,"ADDITION-ELLE","3208 rue Jean-Yves","Centre Riocan,","KIRKLAND","QC",516
4507,"ADDITION-ELLE","970 Blvd. Rene-Levesque",,"DRUMMONDVILLE","QC",505
4508,"ADDITION-ELLE","3233-37, Autoroute 440 Ouest",,"LAVAL","QC",515
4509,"ADDITION-ELLE","3839, Blvd. Taschereau",,"SAINT-HUBERT","QC",515
4510,"ADDITION-ELLE","1076, Boul. Maloney Ouest","Promenade de l'Outaouais,","GATINEAU","QC",518
4511,"ADDITION-ELLE","560, Montee des Pionniers","Les Galeries de Lanaudiere,","LACHENAIE","QC",515
4512,"ADDITION-ELLE","5435, rue des Jockeys","Centre First Pro Decarie,","MONTREAL","QC",516
4513,"ADDITION-ELLE","2908 Chemin Chambly",,"LONGUEUIL","QC",515
4514,"ADDITION-ELLE","600, rue Pierre Caisse, #2022","Carrefour Richelieu,","SAINT-JEAN-SUR-RICHELIEU","QC",515
4515,"ADDITION-ELLE","217, Joseph Casavant","Mega Centre Beauport,","QUEBEC","QC",517
4542,"ADDITION-ELLE","582 Chemin de Tourraine, RR61","Carrefour de la Rive Sud","BOUCHERVILLE","QC",515
4549,"ADDITION-ELLE","75 Du Plateau Blvd., Local 800","Hull Wal-Mart Centre,","GATINEAU","QC",518
4555,"ADDITION-ELLE","999 rue du Marche Central, #C2","Marche Central,","MONTREAL","QC",516
4557,"ADDITION-ELLE","1039 boul. Du Grand-Heron","Smart Centres St-Jerome,","SAINT-JEROME","QC",515
4567,"ADDITION-ELLE","9305 Leduc Blvd., Suite 35","Les Quartiers Dix 30,","BROSSARD","QC",515
4589,"ADDITION-ELLE","2905 Bl. De Portland","Carrefour de L'Estrie (Annex)","SHERBROOKE","QC",505
4590,"ADDITION-ELLE","6361 Transcanada Highway","Complexe Pointe Claire","POINTE-CLAIRE","QC",516
5129,"PENNINGTON","7401 Newman blvd.Unit #27-31","Super Carnaval Ctre","LASALLE","QC",516
5130,"PENNINGTON","1759 St. Martin West","Promenades St-Martin","LAVAL","QC",515
5132,"PENNINGTON","64 Greber Blvd.","Plaza Greber","GATINEAU","QC",518
5139,"PENNINGTON","848-2 rue Principale","Granby Shopping Centre","GRANBY","QC",505
5149,"PENNINGTON","5250 des Forges",,"TROIS-RIVIERES","QC",505
5150,"PENNINGTON","6799 Jean Talon East","Carrefour Carnaval","SAINT-LEONARD","QC",516
5159,"PENNINGTON","1915 boul. Talbot","Carrefour de Chicoutimi","CHICOUTIMI","QC",517
5161,"PENNINGTON","1100 rue Bouvier Unit 300","Le Centre de la Capitale","QUEBEC","QC",517
5196,"PENNINGTON","1479 Boul. St-Bruno",,"SAINT-BRUNO","QC",515
5202,"PENNINGTON","450 Boul. Saint-Joseph","Place Fleur de Lys","GATINEAU","QC",518
5207,"PENNINGTON","1059 boul. Jean-Baptiste Rolland","Mega Centre St-Jerome","SAINT-JEROME","QC",515
5209,"PENNINGTON","183H boul. Hymus","Centre d'Achats Terrarium","POINTE-CLAIRE","QC",516
5212,"PENNINGTON","999 Ave. de Bourgogne Unit #28-31","Place des Quatre Bourgeois","QUEBEC","QC",517
5216,"PENNINGTON","129 Montee Masson","Mega Centre First Pro","MASCOUCHE","QC",515
5218,"PENNINGTON","6991 St-Hubert Street",,"MONTREAL","QC",516
5220,"PENNINGTON","1001 rue du Marche Central, #A-7","Marche Central","MONTREAL","QC",516
5221,"PENNINGTON","881 boul. Firestone","Complexe Joliette","JOLIETTE","QC",515
5225,"PENNINGTON","407 Montee Ind - Commerciale","Centre First Pro Rimouski","RIMOUSKI","QC",517
5230,"PENNINGTON","140 Omer-Marcil Street","Centre First Pro Saint-Jean,","SAINT-JEAN-SUR-RICHELIEU","QC",515
5240,"PENNINGTON","3850 Taschereau Blvd.","Les Galeries Taschereau,","GREENFIELD PARK","QC",515
5242,"PENNINGTON","520 Voie de la Desserte,Rte1 32","Mega Ctre First Pro St.Constant,","SAINT-CONSTANT","QC",515
5259,"PENNINGTON","2242 Desserte W, Aut Chomedey","Mega Centre Notre-Dame,","LAVAL","QC",515
5283,"PENNINGTON","675 rue de la Concorde","Mega Centre Rive-Sud","SAINT-ROMUALD","QC",517
5286,"PENNINGTON","4 - 15e Rue","Place Rouanda","ROUYN-NORANDA","QC",507
5290,"PENNINGTON","3210 Felix-Leclerc Street Unit 140","Mega Centre Vaudreuil","VAUDREUIL-DORION","QC",515
6700,"SMART SET","3240 rue Jean-Yves","Centre RioCan,","KIRKLAND","QC",516
6704,"SMART SET","999 rue du Marche Central, #C-3","Marche Central,","MONTREAL","QC",516
6705,"SMART SET","1465 Jules Verne Street","Charest & Duplessis,","QUEBEC","QC",517
6712,"SMART SET","RR 61 - 582 Chemin de Tourraine,","Carrefour de la Rive Sud,","BOUCHERVILLE","QC",515
6718,"SMART SET","520 Voie de la Desserte Rte 132","Mega Ctre First Pro St.Constant","SAINT-CONSTANT","QC",515
6719,"SMART SET","5700 boul. Des Gradins","Mega Centre Lebourgneuf,","QUEBEC","QC",517
6723,"SMART SET","75 Du Plateau Blvd., Local 300","Hull Wal-Mart Centre,","GATINEAU","QC",518
6724,"SMART SET","135 Montee Masson","Centre First Pro Mascouche,","MASCOUCHE","QC",515
6729,"SMART SET","2218 Desserte W, Aut Chomedey","Mega Centre Notre-Dame","LAVAL","QC",515
6730,"SMART SET","625 rue de la Concorde","Mega Centre Rive-Sud","SAINT-ROMUALD","QC",517
6732,"SMART SET","336 Montee des Pionniers","Galeries de Lanaudiere,","LACHENAIE","QC",515
6733,"SMART SET","9335 Leduc Blvd","Les Quartiers Dix 30","BROSSARD","QC",515
6734,"SMART SET","4145 boul. des Recollets","Plaza des Recollets","TROIS-RIVIERES","QC",505
6736,"SMART SET","5400 Boul. de Val-des-Brises","Smart Centres Laval East,","LAVAL","QC",515
6737,"SMART SET","1035 boul. du Grand Heron","Smart Centres St-Jerome","SAINT-JEROME","QC",515
6745,"SMART SET","79 Boulevard De La Grappe Unit 2","Smart Centres Gatineau","GATINEAU","QC",518
6848,"SMART SET","825 St-Laurent O., Unit #139","Place Longueuil,","LONGUEUIL","QC",515
6854,"SMART SET","2450 Boul. Laurier, Suite G10","Place Ste-Foy,","QUEBEC","QC",517
6855,"SMART SET","3035 Le Carrefour Laval","Carrefour Laval","LAVAL","QC",515
6856,"SMART SET","401 Labelle Blvd., Unit #115","Place Rosemere,","ROSEMERE","QC",515
6861,"SMART SET","5401 boul. des Galeries Unit 149","Galeries de la Capitale,","QUEBEC","QC",517
6862,"SMART SET","1075 Firestone Blvd., Unit 1626","Galeries Joliette,","JOLIETTE","QC",515
6866,"SMART SET","1 Place Ville Marie - Unite 11105","Place Ville Marie","MONTREAL","QC",516
7004,"THYME MATERNITY","7999 bl. Les Galeries d Anjou, #B017","Galeries d Anjou","ANJOU","QC",516
7005,"THYME MATERNITY","6653 St. Hubert Street",,"MONTREAL","QC",516
7006,"THYME MATERNITY","3050, boul. Portland, #W-12","Carrefour de l'Estrie,","SHERBROOKE","QC",505
7007,"THYME MATERNITY","159, boul des Promenades, #B018","Les Promenades St-Bruno,","SAINT-BRUNO","QC",515
7010,"THYME MATERNITY","5945, boul. Jean XXIII","Maxi-Centre,","TROIS-RIVIERES","QC",505
7011,"THYME MATERNITY","3841 Taschereau Blvd.",,"SAINT-HUBERT","QC",515
7012,"THYME MATERNITY","3035, boul. Le Carrefour, #A-021A","Carrefour Laval,","LAVAL","QC",515
7013,"THYME MATERNITY","1401, boulevard Talbot, #A14B","Place du Royaume,","CHICOUTIMI","QC",517
7014,"THYME MATERNITY","2700, boul. Laurier, #2651","Place Laurier","QUEBEC","QC",517
7015,"THYME MATERNITY","7077, boul. Newman, #44","Carrefour Angrignon","LASALLE","QC",516
7017,"THYME MATERNITY","6361, Trans Canada Hwy, Unit 102","Complexe Pointe-Claire,","POINTE-CLAIRE","QC",516
7019,"THYME MATERNITY","325, Boul, Greber, Unit G-12",,"GATINEAU","QC",518
7073,"THYME MATERNITY","516 Montee des Pionniers","Les Galeries de Lanaudiere,","LACHENAIE","QC",515
7074,"THYME MATERNITY","200 Bouvier Street, Suite 300","Mega Centre Lebourgneuf,","QUEBEC","QC",517
7077,"THYME MATERNITY","75 Du Plateau Blvd., Local 700","Hull Wal-Mart Centre,","GATINEAU","QC",518
7079,"THYME MATERNITY","1002 du Marche Central Street","Marche Central,","MONTREAL","QC",516
7088,"THYME MATERNITY","401 Labelle Blvd.","Place Rosemere","ROSEMERE","QC",515
7091,"THYME MATERNITY","675 Rue de la Concorde #B01","Mega Centre Rive-Sud","SAINT-ROMUALD","QC",517
7303,"CASSIS","3035 Boul. Le Carrefour","Carrefour Laval","LAVAL","QC",515
7307,"CASSIS","1 Place Ville Marie","Place Ville-Marie","MONTREAL","QC",516
7308,"CASSIS","401 Labelle Blvd.","Place Rosemere","ROSEMERE","QC",515
7309,"CASSIS","2700 Boul. Laurier","Place Laurier","QUEBEC","QC",517
7310,"CASSIS","2305 Chemin Rockland #1703","Centre Rockland","MONT-ROYAL","QC",516
7314,"CASSIS","170 Bl. des Promenades","Promenades St-Bruno","SAINT-BRUNO","QC",515
7315,"CASSIS","6815 Trans Canada Highway","Fairview Pointe Claire","POINTE-CLAIRE","QC",516
7316,"CASSIS","1401 Bl. talbot","Place du Royaume","CHICOUTIMI","QC",517
7317,"CASSIS","7999 bl. Les Galeries D'Anjou","Les Galeries D'Anjou","ANJOU","QC",516
